{
    "dc.title": "First Flight", 
    "dc.description.abstract": "Textbook in English for Class X", 
    "dcterm.educationlevel": "X", 
    "dc.identifier.isbn": "8174506586", 
    "dc.date.copyright": "2007", 
    "dc.contributor.editor": "Uppal,Shveta||Sankaranarayanan,Vijayam", 
    "dc.contributor.illustrator": "Wadhwa,Nidhi", 
    "dc.date.created": "   Wed Mar  1 16:12:16 2017 DST", 
    "dc.date.publication": {
        "dc.date.firstPublication": "FebruaryMagha 1928", 
        "dc.date.reprint": [
            "NovemberKartika 1929", 
            "JanuaryPausa 1930", 
            "DecemberAgrahayana 1931", 
            "NovemberKartika 1932", 
            "JanuaryMagha 1933", 
            "DecemberAgrahayana 1934", 
            "NovemberKartika 1935", 
            "NovemberAgrahayana 1936", 
            "DecemberPausa 1937", 
            "FebruaryPhalguna 1938"
        ]
    }, 
    "dc.format.extent": {
        "PageCount": "10", 
        "size_in_Bytes": "436724 byt"
    }, 
    "dc.description.toc": {
        "1.: 1.1 A Letter to God ": "", 
        "1.2 G.L.FUENTES": "", 
        "1.3 Dust of Snow ": "", 
        "1.4 ROBERT FROST": "", 
        "1.5 Fire and Ice ": "", 
        "1.6 ROBERT FROST": "", 
        "2.: 2.1 Nelson Mandela : Long Walk to Freedom ": "", 
        "2.2 NELSON ROLIHLAHLA MANDELA": "", 
        "2.3 A Tiger in the Zoo ": "", 
        "2.4 LESLIE NORRIS": "", 
        "3.: 3.1 Two Stories about Flying ": "", 
        "3.2 I. His First Flight": "", 
        "3.3 LIAM O’ FLAHERTY": "", 
        "3.4 II. Black Aeroplane": "", 
        "3.5 How to Tell Wild Animals ": "", 
        "3.6 CAROLYN WELLS": "", 
        "3.7 The Ball Poem ": "", 
        "3.8 JOHN BERRYMAN": "", 
        "4.: 4.1 From the Diary of Anne Frank ": "", 
        "4.2 ANNE FRANK": "", 
        "4.3 Amanda! ": "", 
        "4.4 ROBIN KLEIN": "", 
        "5.: 5.1 The Hundred Dresses –I ": "", 
        "5.2 EL BSOR ESTER": "", 
        "6.: 6.1 The Hundred Dresses–II ": "", 
        "6.2 Animals ": "", 
        "6.3 WALT WHITMAN": "", 
        "7.: 7.1 Glimpses of India ": "", 
        "7.2 I. A Baker from Goa": "", 
        "7.3 LUCIO RODRIGUES": "", 
        "7.4 II. Coorg": "", 
        "7.5 The Trees ": "", 
        "7.6 ADRIENNE RICH": "", 
        "8.: 8.1 Mijbil the Otter ": "", 
        "8.2 GAVIN MAXWELL": "", 
        "8.3 Fog ": "", 
        "8.4 CARL SANDBURG": "", 
        "9.: 9.1 Madam Rides the Bus ": "", 
        "9.2 VALLIKKANNAN": "", 
        "9.3 The Tale of Custard the Dragon ": "", 
        "9.4 OGDEN NASH": "", 
        "10.: 10.1 The Sermon at Benares ": "", 
        "10.2 For Anne Gregory ": "", 
        "10.3 WILLIAM BUTLER YEATS": "", 
        "11.: 11.1 The Proposal ": "", 
        "11.2 ANTON CHEKOV": ""
    }, 
    "dc.subject.ddc": {
        "level1": {
            "800": "Literature", 
            "200": "Religion"
        }, 
        "level2": {
            "830": "German &amp; related literatures", 
            "810": "American literature in English", 
            "820": "English &amp; Old English literatures"
        }, 
        "level3": {}
    }, 
    "dc.description.searchVisibility": "TRUE", 
    "dc.format.mimetype": "application/pdf", 
    "dc.type": "text", 
    "dc.language": "eng", 
    "dc.contributor.advisosr": "", 
    "dc.contributor.author": "", 
    "dc.identifier.uri": "", 
    "dc.publisher.date": "", 
    "dc.publisher.place": "", 
    "dc.relation.referenences": "", 
    "dc.relation.haspart[]": "", 
    "dc.relation.ispartof": "", 
    "dc.relation.ispartofseries": "", 
    "dc.relation.requires[]": "PDFviewer Plugin", 
    "dc.rights.accessrights": "Open", 
    "dc.source.uri": "http://www.ncert.nic.in/", 
    "dc.source": "NCERT", 
    "dc.subject.prerequisitetopic[]": "", 
    "dc.title.alternative": "", 
    "lrmi.educationalAlignment.educationalFramework": "Central Board of Secondary Education (CBSE)", 
    "lrmi.educationalAlignment.difficultyLevel[]": "medium", 
    "lrmi.educationalAlignment.educationLevel": "high school", 
    "lrmi.educationalRole[]": "student", 
    "lrmi.educationalUse[]": "reading", 
    "lrmi.interactivityType[]": "expositive", 
    "lrmi.learningResourceType[]": "book", 
    "lrmi.typicalAgeRange[]": "13-17"
}