{
    "dc.title": "Marigold", 
    "dc.description.abstract": "Textbook in English for Class I", 
    "dcterm.educationlevel": "I", 
    "dc.identifier.isbn": "8174504788", 
    "dc.date.copyright": "2006", 
    "dc.contributor.editor": "Uppal,Shveta", 
    "dc.contributor.illustrator": "Mehtani,Henu", 
    "dc.date.created": "   ", 
    "dc.date.publication": {
        "dc.date.firstPublication": "FebruaryPhalguna 1927", 
        "dc.date.reprint": [
            "NovemberKartika 1928", 
            "OctoberKartika 1929", 
            "JanuaryMagha 1930", 
            "NovemberKartika 1931", 
            "NovemberKartika 1932", 
            "JanuaryMagha 1933", 
            "DecemberAgrahayana 1934", 
            "OctoberAsvina 1935", 
            "NovemberAgrahayana 1936", 
            "MayVaishakha 1938", 
            "DecemberPausa 1938"
        ]
    }, 
    "dc.format.extent": {
        "PageCount": "10", 
        "size_in_Bytes": "6609955 byt"
    }, 
    "dc.description.toc": {
        "Unit 1: 1.1 A Happy Child": "", 
        "1.2 Three Little Pigs": "", 
        "Unit 2: 2.1 After a Bath": "", 
        "2.2 The Bubble, the Straw,  and the Shoe": "", 
        "Unit 3: 3.1 One Little Kitten": "", 
        "3.2 Lalu and Peelu": "", 
        "Unit 4: 4.1 Once I Saw a Little Bird": "", 
        "4.2 Mittu and the Yellow Mango": "", 
        "Unit 5: 5.1 Merry-Go-Round": "", 
        "5.2 Circle": "", 
        "Unit 6: 6.1 If I Were an Apple": "", 
        "6.2 Our Tree": "", 
        "Unit 7: 7.1 A Kite": "", 
        "7.2 Sundari": "", 
        "7.3 (viii)": "", 
        "Unit 8: 8.1 A Little Turtle": "", 
        "8.2 The Tiger and the Mosquito": "", 
        "Unit 9: 9.1 Clouds": "", 
        "9.2 Anandi’s Rainbow": "", 
        "Unit 10: 10.1 Flying-Man": "", 
        "10.2 The Tailor and his Friend": "", 
        "10.3 Picture Dictionary –": "", 
        "10.4 (ix)": ""
    }, 
    "dc.subject.ddc": {
        "level1": {
            "800": "Literature"
        }, 
        "level2": {
            "820": "English &amp; Old English literatures", 
            "830": "German &amp; related literatures", 
            "800": "Literature, rhetoric &amp; criticism", 
            "810": "American literature in English"
        }, 
        "level3": {}
    }, 
    "dc.description.searchVisibility": "TRUE", 
    "dc.format.mimetype": "application/pdf", 
    "dc.type": "text", 
    "dc.language": "eng", 
    "dc.contributor.advisosr": "", 
    "dc.contributor.author": "", 
    "dc.identifier.uri": "", 
    "dc.publisher.date": "", 
    "dc.publisher.place": "", 
    "dc.relation.referenences": "", 
    "dc.relation.haspart[]": "", 
    "dc.relation.ispartof": "", 
    "dc.relation.ispartofseries": "", 
    "dc.relation.requires[]": "PDFviewer Plugin", 
    "dc.rights.accessrights": "Open", 
    "dc.source.uri": "http://www.ncert.nic.in/", 
    "dc.source": "NCERT", 
    "dc.subject.prerequisitetopic[]": "", 
    "dc.title.alternative": "", 
    "lrmi.educationalAlignment.educationalFramework": "Central Board of Secondary Education (CBSE)", 
    "lrmi.educationalAlignment.difficultyLevel[]": "", 
    "lrmi.educationalAlignment.educationLevel": "", 
    "lrmi.educationalRole[]": "student", 
    "lrmi.educationalUse[]": "reading", 
    "lrmi.interactivityType[]": "expositive", 
    "lrmi.learningResourceType[]": "book", 
    "lrmi.typicalAgeRange[]": "4-8"
}