{
    "dc.title": "Marigold",
    "dc.description.abstract": "Textbook in English for Class I",
    "dcterm.educationlevel": "I",
    "dc.identifier.isbn": "8174504788",
    "dc.date.copyright": "2006",
    "dc.contributor.editor": "Uppal,Shveta",
    "dc.contributor.illustrator": "Mehtani,Henu",
    "dc.date.created": "   ",
    "dc.date.publication": {
        "dc.date.firstPublication": "FebruaryPhalguna 1927",
        "dc.date.reprint": [
            "NovemberKartika 1928",
            "OctoberKartika 1929",
            "JanuaryMagha 1930",
            "NovemberKartika 1931",
            "NovemberKartika 1932",
            "JanuaryMagha 1933",
            "DecemberAgrahayana 1934",
            "OctoberAsvina 1935",
            "NovemberAgrahayana 1936",
            "MayVaishakha 1938",
            "DecemberPausa 1938"
        ]
    },
    "dc.format.extent": {
        "PageCount": "10",
        "size_in_Bytes": "6609955 byt"
    },
    "dc.description.toc": {
        "Unit 1: 1.1 A Happy Child": "1",
        "1.2 Three Little Pigs": "1",
        "Unit 2: 2.1 After a Bath": "16",
        "2.2 The Bubble, the Straw,  and the Shoe": "16",
        "Unit 3: 3.1 One Little Kitten": "29",
        "3.2 Lalu and Peelu": "29",
        "Unit 4: 4.1 Once I Saw a Little Bird": "42",
        "4.2 Mittu and the Yellow Mango": "42",
        "Unit 5: 5.1 Merry-Go-Round": "53",
        "5.2 Circle": "53",
        "Unit 6: 6.1 If I Were an Apple": "64",
        "6.2 Our Tree": "64",
        "Unit 7: 7.1 A Kite": "77",
        "7.2 Sundari": "77",
        "7.3 (viii)": "77",
        "Unit 8: 8.1 A Little Turtle": "88",
        "8.2 The Tiger and the Mosquito": "88",
        "Unit 9: 9.1 Clouds": "98",
        "9.2 Anandi's Rainbow": "98",
        "Unit 10: 10.1 Flying-Man": "110",
        "10.2 The Tailor and his Friend": "110",
        "10.3 Picture Dictionary '": "110",
        "10.4 (ix)": "110"
    },
    "dc.subject.ddc": {
        "level1": {
            "800": "Literature"
        },
        "level2": {
            "820": "English &amp; Old English literatures",
            "830": "German &amp; related literatures",
            "800": "Literature, rhetoric &amp; criticism",
            "810": "American literature in English"
        },
        "level3": {}
    },
    "dc.description.searchVisibility": "TRUE",
    "dc.format.mimetype": "application/pdf",
    "dc.type": "text",
    "dc.language": "eng",
    "dc.contributor.advisosr": "",
    "dc.contributor.author": "",
    "dc.identifier.uri": "",
    "dc.publisher.date": "",
    "dc.publisher.place": "",
    "dc.relation.referenences": "",
    "dc.relation.haspart[]": "",
    "dc.relation.ispartof": "",
    "dc.relation.ispartofseries": "",
    "dc.relation.requires[]": "PDFviewer Plugin",
    "dc.rights.accessrights": "Open",
    "dc.source.uri": "http://www.ncert.nic.in/",
    "dc.source": "NCERT",
    "dc.subject.prerequisitetopic[]": "",
    "dc.title.alternative": "",
    "lrmi.educationalAlignment.educationalFramework": "Central Board of Secondary Education (CBSE)",
    "lrmi.educationalAlignment.difficultyLevel[]": "",
    "lrmi.educationalAlignment.educationLevel": "",
    "lrmi.educationalRole[]": "student",
    "lrmi.educationalUse[]": "reading",
    "lrmi.interactivityType[]": "expositive",
    "lrmi.learningResourceType[]": "book",
    "lrmi.typicalAgeRange[]": "4-8"
}