{
    "dc.title": "PRACTICAL WORK IN GEOGRAPHY",
    "dc.description.abstract": "",
    "dcterm.educationlevel": "",
    "dc.identifier.isbn": "8174505954",
    "dc.date.copyright": "2006",
    "dc.contributor.editor": "Uppal,Shveta||Bhardwaj,R.N.",
    "dc.contributor.illustrator": "Rao,Shweta",
    "dc.date.created": "   Mon Mar  6 15:27:06 2017 DST",
    "dc.date.publication": {
        "dc.date.firstPublication": "JuneAsadha 1928",
        "dc.date.reprint": [
            "FebruaryMagha 1928",
            "DecemberPausa 1929",
            "May",
            "FebruaryMagha 1930",
            "JanuaryMagha 1931",
            "JanuaryMagha 1932",
            "NovemberKartika 1935",
            "DecemberPausa 1936",
            "MarchPhalguna 1937",
            "FebruaryPhalguna 1938"
        ]
    },
    "dc.format.extent": {
        "PageCount": "10",
        "size_in_Bytes": "12966274 byt"
    },
    "dc.description.toc": {
        "CHAPTER 1: Introduction to Maps ": "1",
        "CHAPTER 2: Map Scale ": "17",
        "CHAPTER 3: Latitude, Longitude and Time ": "26",
        "CHAPTER 4: Map Projections ": "35",
        "CHAPTER 5: Topographical Maps": "49",
        "CHAPTER 6: Introduction To Aerial Photographs": "69",
        "CHAPTER 7: Introduction To Remote Sensing ": "84",
        "CHAPTER 8: Weather Instruments, Maps and Charts ": "107"
    },
    "dc.subject.ddc": {
        "level1": {
            "500": "Science",
            "900": "History &amp; geography"
        },
        "level2": {
            "510": "Mathematics",
            "550": "Earth sciences &amp; geology"
        },
        "level3": {
            "516": "Geometry",
            "515": "Analysis",
            "514": "Topology"
        }
    },
    "dc.description.searchVisibility": "TRUE",
    "dc.format.mimetype": "application/pdf",
    "dc.type": "text",
    "dc.language": "eng",
    "dc.contributor.advisosr": "",
    "dc.contributor.author": "",
    "dc.identifier.uri": "",
    "dc.publisher.date": "",
    "dc.publisher.place": "",
    "dc.relation.referenences": "",
    "dc.relation.haspart[]": "",
    "dc.relation.ispartof": "",
    "dc.relation.ispartofseries": "",
    "dc.relation.requires[]": "PDFviewer Plugin",
    "dc.rights.accessrights": "Open",
    "dc.source.uri": "http://www.ncert.nic.in/",
    "dc.source": "NCERT",
    "dc.subject.prerequisitetopic[]": "",
    "dc.title.alternative": "",
    "lrmi.educationalAlignment.educationalFramework": "Central Board of Secondary Education (CBSE)",
    "lrmi.educationalAlignment.difficultyLevel[]": "",
    "lrmi.educationalAlignment.educationLevel": "",
    "lrmi.educationalRole[]": "student",
    "lrmi.educationalUse[]": "reading",
    "lrmi.interactivityType[]": "expositive",
    "lrmi.learningResourceType[]": "book",
    "lrmi.typicalAgeRange[]": ""
}