{
    "dc.title": "Health and Physical  Education",
    "dc.description.abstract": "Textbook for Class IX",
    "dcterm.educationlevel": "IX",
    "dc.identifier.isbn": "9789350078198",
    "dc.date.copyright": "2016",
    "dc.contributor.editor": "Uppal,Shveta||Sutar,Bijnan",
    "dc.contributor.illustrator": "Arvinder,D.K.Shende",
    "dc.date.created": "   Fri Nov 18 16:25:28 2016 DST",
    "dc.date.publication": {
        "dc.date.firstPublication": "NovemberKartika 1938",
        "dc.date.reprint": ""
    },
    "dc.format.extent": {
        "PageCount": "12",
        "size_in_Bytes": "4085038 byt"
    },
    "dc.description.toc": {
        "Chapter  1:  Health and Diseases  ": "1-15",
        "Chapter   2:  Growing up with Confidence  ": "16-29",
        "Chapter   3:  Physical Education  ": "30-37",
        "Chapter   4:  Physical Fitness  ": "38-45",
        "Chapter   5:  Sports Training  ": "46-52",
        "Chapter   6:  Individual Sports  ": "53-80",
        "Chapter   7:  Team Games  ": "81-108",
        "Chapter   8:  Ethics in Sports   ": "109-118",
        "Chapter   9: 9.1 Personality Development    ": "119-150",
        "9.2     through Yoga": "119-150",
        "Chapter 10:  Waste Management  ": "151-160",
        "Chapter 11:  Diet for Healthy Living  ": "161-176",
        "Chapter 12:  First Aid and Safety  ": "177-184",
        "Chapter 13:  Social Health  ": "185-193",
        "Chapter 14:  Adolescent Friendly Health Services  Appendix     Feedback Questionnaire  -": "194-201"
    },
    "dc.subject.ddc": {
        "level1": {
            "700": "Arts &amp; recreation",
            "100": "Philosophy &amp; psychology"
        },
        "level2": {
            "790": "Sports, games &amp; entertainment"
        },
        "level3": {
            "796": "Athletic &amp; outdoor sports &amp; games"
        }
    },
    "dc.description.searchVisibility": "TRUE",
    "dc.format.mimetype": "application/pdf",
    "dc.type": "text",
    "dc.language": "eng",
    "dc.contributor.advisosr": "",
    "dc.contributor.author": "",
    "dc.identifier.uri": "",
    "dc.publisher.date": "",
    "dc.publisher.place": "",
    "dc.relation.referenences": "",
    "dc.relation.haspart[]": "",
    "dc.relation.ispartof": "",
    "dc.relation.ispartofseries": "",
    "dc.relation.requires[]": "PDFviewer Plugin",
    "dc.rights.accessrights": "Open",
    "dc.source.uri": "http://www.ncert.nic.in/",
    "dc.source": "NCERT",
    "dc.subject.prerequisitetopic[]": "",
    "dc.title.alternative": "",
    "lrmi.educationalAlignment.educationalFramework": "Central Board of Secondary Education (CBSE)",
    "lrmi.educationalAlignment.difficultyLevel[]": "medium",
    "lrmi.educationalAlignment.educationLevel": "high school",
    "lrmi.educationalRole[]": "student",
    "lrmi.educationalUse[]": "reading",
    "lrmi.interactivityType[]": "expositive",
    "lrmi.learningResourceType[]": "book",
    "lrmi.typicalAgeRange[]": "12-16"
}