{
    "dc.title": "An Alien Hand",
    "dc.description.abstract": "Supplementary Reader in English for Class VII",
    "dcterm.educationlevel": "VII",
    "dc.identifier.isbn": "8174507361",
    "dc.date.copyright": "2007",
    "dc.contributor.editor": "Uppal,Shveta||Sankarnaranayanan,Vijayam",
    "dc.contributor.illustrator": "Fish,Blue||Shaligram,Bhushan",
    "dc.date.created": "   Fri Mar  3 22:40:52 2017 DST",
    "dc.date.publication": {
        "dc.date.firstPublication": "AprilChaitra 1929",
        "dc.date.reprint": [
            "MarchPhalguna 1930",
            "JanuaryMagha 1931",
            "NovemberKartika 1932",
            "JanuaryMagha 1933",
            "DecemberAgrahayana 1934",
            "OctoberAsvina 1935",
            "DecemberPausa 1936",
            "DecemberAgrahayana 1937",
            "MarchPhalguna 1938"
        ]
    },
    "dc.format.extent": {
        "PageCount": "10",
        "size_in_Bytes": "7965087 byt"
    },
    "dc.description.toc": {
        "1.: The Tiny Teacher ": "1",
        "2.: Bringing up Kari ": "7",
        "3.: The Desert ": "15",
        "4.: The Cop and the Anthem ": "20",
        "5.: Golu Grows a Nose ": "30",
        "6.: I Want Something in a Cage ": "36",
        "7.: Chandni ": "43",
        "8.: The Bear Story ": "52",
        "9.: A Tiger in the House ": "58",
        "10.: An Alien Hand ": "66"
    },
    "dc.subject.ddc": {
        "level1": {
            "800": "Literature",
            "400": "Language"
        },
        "level2": {
            "830": "German &amp; related literatures",
            "820": "English &amp; Old English literatures",
            "800": "Literature, rhetoric &amp; criticism",
            "810": "American literature in English"
        },
        "level3": {}
    },
    "dc.description.searchVisibility": "TRUE",
    "dc.format.mimetype": "application/pdf",
    "dc.type": "text",
    "dc.language": "eng",
    "dc.contributor.advisosr": "",
    "dc.contributor.author": "",
    "dc.identifier.uri": "",
    "dc.publisher.date": "",
    "dc.publisher.place": "",
    "dc.relation.referenences": "",
    "dc.relation.haspart[]": "",
    "dc.relation.ispartof": "",
    "dc.relation.ispartofseries": "",
    "dc.relation.requires[]": "PDFviewer Plugin",
    "dc.rights.accessrights": "Open",
    "dc.source.uri": "http://www.ncert.nic.in/",
    "dc.source": "NCERT",
    "dc.subject.prerequisitetopic[]": "",
    "dc.title.alternative": "",
    "lrmi.educationalAlignment.educationalFramework": "Central Board of Secondary Education (CBSE)",
    "lrmi.educationalAlignment.difficultyLevel[]": "",
    "lrmi.educationalAlignment.educationLevel": "high school",
    "lrmi.educationalRole[]": "student",
    "lrmi.educationalUse[]": "reading",
    "lrmi.interactivityType[]": "expositive",
    "lrmi.learningResourceType[]": "book",
    "lrmi.typicalAgeRange[]": "10-14"
}