{
    "dc.title": "",
    "dc.description.abstract": "",
    "dcterm.educationlevel": "",
    "dc.identifier.isbn": "8174507140",
    "dc.date.copyright": "2007",
    "dc.contributor.editor": "Uppal,Shveta||Bhardwaj,R.N.",
    "dc.contributor.illustrator": "Fish,Blue||Gupta,Meha",
    "dc.date.created": "   Tue Dec 27 19:52:59 2016 DST",
    "dc.date.publication": {
        "dc.date.firstPublication": "MarchPhalguna 1928",
        "dc.date.reprint": [
            "DecemberPausa 1928",
            "DecemberPausa 1930",
            "DecemberPausa 1931",
            "DecemberPausa 1932",
            "JanuaryMagha 1933",
            "NovemberKartika 1934",
            "OctoberAsvina 1935",
            "NovemberAgrahayana 1936",
            "DecemberAgrahayana 1937",
            "JanuaryMagha 1938"
        ]
    },
    "dc.format.extent": {
        "PageCount": "9",
        "size_in_Bytes": "3656593 byt"
    },
    "dc.description.toc": {
        "Chapter 1: Environment ' ": "1 ",
        "Chapter 2: Inside Our Earth ' ": "7 ",
        "Chapter 3: Our Changing Earth ' ": "12 ",
        "Chapter 4: Air ' ": "20 ",
        "Chapter 5: Water ' ": "30 ",
        "Chapter 6: Natural Vegetation and Wildlife ' ": "39 ",
        "Chapter 7: 7.1 Human Environment'Settlement,": "47 ",
        "7.2 Transport and Communication ' ": "47 ",
        "Chapter 8: 8.1 Human Environment Interactions": "55 ",
        "8.2 The Tropical and the Subtropical Region ' ": "55 ",
        "Chapter 9: Life in the Temperate Grasslands ' ": "65 ",
        "Chapter 10: 10.1 Life in the Deserts ' ": "71 ",
        "10.2 APPENDIX ": "71 "
    },
    "dc.subject.ddc": {
        "level1": {
            "900": "History &amp; geography"
        },
        "level2": {
            "910": "Geography &amp; travel",
            "930": "History of ancient world (to\u00a0ca.\u00a0499)"
        },
        "level3": {}
    },
    "dc.description.searchVisibility": "TRUE",
    "dc.format.mimetype": "application/pdf",
    "dc.type": "text",
    "dc.language": "eng",
    "dc.contributor.advisosr": "",
    "dc.contributor.author": "",
    "dc.identifier.uri": "",
    "dc.publisher.date": "",
    "dc.publisher.place": "",
    "dc.relation.referenences": "",
    "dc.relation.haspart[]": "",
    "dc.relation.ispartof": "",
    "dc.relation.ispartofseries": "",
    "dc.relation.requires[]": "PDFviewer Plugin",
    "dc.rights.accessrights": "Open",
    "dc.source.uri": "http://www.ncert.nic.in/",
    "dc.source": "NCERT",
    "dc.subject.prerequisitetopic[]": "",
    "dc.title.alternative": "",
    "lrmi.educationalAlignment.educationalFramework": "Central Board of Secondary Education (CBSE)",
    "lrmi.educationalAlignment.difficultyLevel[]": "",
    "lrmi.educationalAlignment.educationLevel": "",
    "lrmi.educationalRole[]": "student",
    "lrmi.educationalUse[]": "reading",
    "lrmi.interactivityType[]": "expositive",
    "lrmi.learningResourceType[]": "book",
    "lrmi.typicalAgeRange[]": ""
}