{
    "dc.title": "MATH-MAGIC :Book 2",
    "dc.description.abstract": "Textbook in Mathematics for Class II",
    "dcterm.educationlevel": "II",
    "dc.identifier.isbn": "8174506799",
    "dc.date.copyright": "2007",
    "dc.contributor.editor": "",
    "dc.contributor.illustrator": "",
    "dc.date.created": "   Thu May 28 15:32:35 2015 DST",
    "dc.date.publication": {
        "dc.date.firstPublication": "FebruaryPhalguna 1928",
        "dc.date.reprint": [
            "NovemberKartika 1929",
            "JanuaryMagha 1930",
            "NovemberKartika 1931",
            "JanuaryMagha 1933",
            "JanuaryPausa 1934",
            "NovemberKartika 1935",
            "November"
        ]
    },
    "dc.format.extent": {
        "PageCount": "10",
        "size_in_Bytes": "10270624 byt"
    },
    "dc.description.toc": {
        "1.: What is Long, What is Round? ": "1",
        "2.: Counting in Groups ": "9",
        "3.: How Much Can You Carry? ": "18",
        "4.: Counting in Tens ": "24",
        "5.: Patterns ": "30",
        "6.: Footprints ": "39",
        "7.: Jugs and Mugs ": "47",
        "8.: Tens and Ones ": "56",
        "9.: My Funday ": "66",
        "10.: Add our Points ": "76",
        "11.: Lines and Lines ": "84",
        "12.: Give and Take ": "90",
        "13.: The Longest Step ": "104",
        "14.: Birds Come, Birds Go ": "111",
        "15.: How Many Ponytails? ": "124"
    },
    "dc.subject.ddc": {
        "level1": {
            "500": "Science"
        },
        "level2": {
            "590": "Animals (Zoology)",
            "510": "Mathematics"
        },
        "level3": {}
    },
    "dc.description.searchVisibility": "TRUE",
    "dc.format.mimetype": "application/pdf",
    "dc.type": "text",
    "dc.language": "eng",
    "dc.contributor.advisosr": "",
    "dc.contributor.author": "",
    "dc.identifier.uri": "",
    "dc.publisher.date": "",
    "dc.publisher.place": "",
    "dc.relation.referenences": "",
    "dc.relation.haspart[]": "",
    "dc.relation.ispartof": "",
    "dc.relation.ispartofseries": "",
    "dc.relation.requires[]": "PDFviewer Plugin",
    "dc.rights.accessrights": "Open",
    "dc.source.uri": "http://www.ncert.nic.in/",
    "dc.source": "NCERT",
    "dc.subject.prerequisitetopic[]": "",
    "dc.title.alternative": "",
    "lrmi.educationalAlignment.educationalFramework": "Central Board of Secondary Education (CBSE)",
    "lrmi.educationalAlignment.difficultyLevel[]": "",
    "lrmi.educationalAlignment.educationLevel": "",
    "lrmi.educationalRole[]": "student",
    "lrmi.educationalUse[]": "reading",
    "lrmi.interactivityType[]": "expositive",
    "lrmi.learningResourceType[]": "book",
    "lrmi.typicalAgeRange[]": "5-9"
}