{
    "dc.title": "",
    "dc.description.abstract": "",
    "dcterm.educationlevel": "",
    "dc.identifier.isbn": "8174504966",
    "dc.date.copyright": "2006",
    "dc.contributor.editor": "Uppal,Shveta||Chadha,Shashi",
    "dc.contributor.illustrator": "Maurya,Lalit||Rao,Shweta",
    "dc.date.created": "   Thu Mar  2 21:42:32 2017 DST",
    "dc.date.publication": {
        "dc.date.firstPublication": "FebruaryPhalguna 1927",
        "dc.date.reprint": [
            "OctoberKartika 1928",
            "NovemberKartika 1929",
            "JanuaryPausa 1930",
            "JanuaryMagha 1931",
            "JanuaryPausa 1932",
            "JanuaryMagha 1933",
            "DecemberPausa 1934",
            "DecemberAgrahayana 1935",
            "DecemberPausa 1936",
            "MayVaishakha 1938",
            "MarchPhalguna 1938"
        ]
    },
    "dc.format.extent": {
        "PageCount": "11",
        "size_in_Bytes": "2508276 byt"
    },
    "dc.description.toc": {
        "Chapter 1: : The Living World ": "3",
        "Chapter 2: : Biological Classification ": "16",
        "Chapter 3: : Plant Kingdom ": "29",
        "Chapter 4: 4.1 Animal Kingdom UNIT II": "46",
        "4.2 STRUCTURAL ORGANISATION IN PLANTS AND ANIMALS -": "46",
        "Chapter 5: : Morphology of Flowering Plants ": "65",
        "Chapter 6: : Anatomy of Flowering Plants ": "84",
        "Chapter 7: 7.1 Structural Organisation in Animals UNIT III": "100",
        "7.2 CELL : STRUCTURE AND FUNCTIONS -": "100",
        "Chapter 8: : Cell : The Unit of Life ": "125",
        "Chapter 9: : Biomolecules ": "142",
        "Chapter 10: : Cell Cycle and Cell Division PLANT PHYSIOLOGY -": "162",
        "Chapter 11: : Transport in Plants ": "175",
        "Chapter 12: : Mineral Nutrition ": "194",
        "Chapter 13: : Photosynthesis in Higher Plants ": "206",
        "Chapter 14: : Respiration in Plants ": "226",
        "Chapter 15: 15.1 Plant Growth and Development UNIT V": "239",
        "15.2 HUMAN PHYSIOLOGY -": "239",
        "Chapter 16: : Digestion and Absorption ": "257",
        "Chapter 17: : Breathing and Exchange of Gases ": "268",
        "Chapter 18: : Body Fluids and Circulation ": "278",
        "Chapter 19: : Excretory Products and their Elimination ": "290",
        "Chapter 20: : Locomotion and Movement ": "302",
        "Chapter 21: : Neural Control and Coordination ": "315",
        "Chapter 22: : Chemical Coordination and Integration SUPPLEMENTARY MATERIAL -": "330"
    },
    "dc.subject.ddc": {
        "level1": {
            "600": "Technology"
        },
        "level2": {
            "630": "Agriculture",
            "660": "Chemical engineering"
        },
        "level3": {}
    },
    "dc.description.searchVisibility": "TRUE",
    "dc.format.mimetype": "application/pdf",
    "dc.type": "text",
    "dc.language": "eng",
    "dc.contributor.advisosr": "",
    "dc.contributor.author": "",
    "dc.identifier.uri": "",
    "dc.publisher.date": "",
    "dc.publisher.place": "",
    "dc.relation.referenences": "",
    "dc.relation.haspart[]": "",
    "dc.relation.ispartof": "",
    "dc.relation.ispartofseries": "",
    "dc.relation.requires[]": "PDFviewer Plugin",
    "dc.rights.accessrights": "Open",
    "dc.source.uri": "http://www.ncert.nic.in/",
    "dc.source": "NCERT",
    "dc.subject.prerequisitetopic[]": "",
    "dc.title.alternative": "",
    "lrmi.educationalAlignment.educationalFramework": "Central Board of Secondary Education (CBSE)",
    "lrmi.educationalAlignment.difficultyLevel[]": "",
    "lrmi.educationalAlignment.educationLevel": "",
    "lrmi.educationalRole[]": "student",
    "lrmi.educationalUse[]": "reading",
    "lrmi.interactivityType[]": "expositive",
    "lrmi.learningResourceType[]": "book",
    "lrmi.typicalAgeRange[]": ""
}