{
    "dc.title": "SCIENCE",
    "dc.description.abstract": "TEXTBOOK FOR CLASS VII",
    "dcterm.educationlevel": "VII",
    "dc.identifier.isbn": "8174506543",
    "dc.date.copyright": "2007",
    "dc.contributor.editor": "Uppal,Shveta||Sutar,Bijnan",
    "dc.contributor.illustrator": "Tyagi,Ashwani",
    "dc.date.created": "   Thu Mar  2 17:16:33 2017 DST",
    "dc.date.publication": {
        "dc.date.firstPublication": "JanuaryMagha 1928",
        "dc.date.reprint": [
            "NovemberKartika 1929",
            "JanuaryPausa 1930",
            "JanuaryMagha 1931",
            "JanuaryMagha 1932",
            "JanuaryMagha 1933",
            "DecemberAgrahayana 1934",
            "OctoberAsvina 1935",
            "DecemberPausa 1936",
            "DecemberAgrahayana 1937",
            "FebruaryPhalguna 1938"
        ]
    },
    "dc.format.extent": {
        "PageCount": "14",
        "size_in_Bytes": "2151243 byt"
    },
    "dc.description.toc": {
        "Chapter  1: Nutrition in Plants ": "1",
        "Chapter  2: Nutrition in Animals ": "11",
        "Chapter  3: Fibre to Fabric ": "24",
        "Chapter  4: Heat ": "35",
        "Chapter  5: Acids, Bases and Salts ": "49",
        "Chapter   6: Physical and Chemical Changes ": "58",
        "Chapter  7: Weather, Climate and Adaptations of Animals to Climate ": "68",
        "Chapter  8: Winds, Storms and Cyclones ": "80",
        "Chapter  9: Soil ": "96",
        "Chapter  10: Respiration in Organisms ": "108",
        "Chapter  11: Transportation in Animals and Plants ": "121",
        "Chapter  12: Reproduction in Plants xiv": "133",
        "Chapter  13: Motion and Time ": "143",
        "Chapter  14: Electric Current and its Effects ": "160",
        "Chapter  15: Light ": "174",
        "Chapter  16: Water: A Precious Resource ": "193",
        "Chapter  17: Forests: Our Lifeline ": "206",
        "Chapter   18: Wastewater Story INDEX ": "220"
    },
    "dc.subject.ddc": {
        "level1": {
            "600": "Technology",
            "800": "Literature",
            "500": "Science",
            "100": "Philosophy &amp; psychology"
        },
        "level2": {
            "630": "Agriculture"
        },
        "level3": {}
    },
    "dc.description.searchVisibility": "TRUE",
    "dc.format.mimetype": "application/pdf",
    "dc.type": "text",
    "dc.language": "eng",
    "dc.contributor.advisosr": "",
    "dc.contributor.author": "",
    "dc.identifier.uri": "",
    "dc.publisher.date": "",
    "dc.publisher.place": "",
    "dc.relation.referenences": "",
    "dc.relation.haspart[]": "",
    "dc.relation.ispartof": "",
    "dc.relation.ispartofseries": "",
    "dc.relation.requires[]": "PDFviewer Plugin",
    "dc.rights.accessrights": "Open",
    "dc.source.uri": "http://www.ncert.nic.in/",
    "dc.source": "NCERT",
    "dc.subject.prerequisitetopic[]": "",
    "dc.title.alternative": "",
    "lrmi.educationalAlignment.educationalFramework": "Central Board of Secondary Education (CBSE)",
    "lrmi.educationalAlignment.difficultyLevel[]": "",
    "lrmi.educationalAlignment.educationLevel": "high school",
    "lrmi.educationalRole[]": "student",
    "lrmi.educationalUse[]": "reading",
    "lrmi.interactivityType[]": "expositive",
    "lrmi.learningResourceType[]": "book",
    "lrmi.typicalAgeRange[]": "10-14"
}