{
    "dc.title": "Exploring the Craft Traditions of India Field Study and Application  in Heritage Crafts for Classes XI and XII",
    "dc.description.abstract": "",
    "dcterm.educationlevel": "",
    "dc.identifier.isbn": "9789350070567",
    "dc.date.copyright": "2010",
    "dc.contributor.editor": "Uppal,Shveta||Vijayam,Vijayam",
    "dc.contributor.illustrator": "Kanvinde,Sunita",
    "dc.date.created": "   Thu Sep  4 12:26:53 2014 DST",
    "dc.date.publication": {
        "dc.date.firstPublication": "April",
        "dc.date.reprint": ""
    },
    "dc.format.extent": {
        "PageCount": "12",
        "size_in_Bytes": "2598327 byt"
    },
    "dc.description.toc": {
        "1.: Crafts at Home ": "3",
        "2.: Local Heritage ": "11",
        "3.: Local Architecture ": "21",
        "4.: Local Market ": "33",
        "5.: Documentation Formats Part II:  FIELD STUDY -": "49",
        "6.: Research and Preparation ": "67",
        "7.: Field Work ": "75",
        "8.: Presentation of Data Part III: APPLIED CRAFTS  -": "83",
        "9.: Innovations in Design and Processes ": "91",
        "10.: Creating an Aesthetic Environment ": "107"
    },
    "dc.subject.ddc": {
        "level1": {
            "700": "Arts &amp; recreation"
        },
        "level2": {
            "720": "Architecture",
            "790": "Sports, games &amp; entertainment",
            "700": "Arts"
        },
        "level3": {}
    },
    "dc.description.searchVisibility": "TRUE",
    "dc.format.mimetype": "application/pdf",
    "dc.type": "text",
    "dc.language": "eng",
    "dc.contributor.advisosr": "",
    "dc.contributor.author": "",
    "dc.identifier.uri": "",
    "dc.publisher.date": "",
    "dc.publisher.place": "",
    "dc.relation.referenences": "",
    "dc.relation.haspart[]": "",
    "dc.relation.ispartof": "",
    "dc.relation.ispartofseries": "",
    "dc.relation.requires[]": "PDFviewer Plugin",
    "dc.rights.accessrights": "Open",
    "dc.source.uri": "http://www.ncert.nic.in/",
    "dc.source": "NCERT",
    "dc.subject.prerequisitetopic[]": "",
    "dc.title.alternative": "",
    "lrmi.educationalAlignment.educationalFramework": "Central Board of Secondary Education (CBSE)",
    "lrmi.educationalAlignment.difficultyLevel[]": "",
    "lrmi.educationalAlignment.educationLevel": "",
    "lrmi.educationalRole[]": "student",
    "lrmi.educationalUse[]": "reading",
    "lrmi.interactivityType[]": "expositive",
    "lrmi.learningResourceType[]": "book",
    "lrmi.typicalAgeRange[]": ""
}