{
    "dc.title": "",
    "dc.description.abstract": "",
    "dcterm.educationlevel": "",
    "dc.identifier.isbn": "8174507167",
    "dc.date.copyright": "2007",
    "dc.contributor.editor": "Uppal,Shveta||Bhardwaj,R.N.",
    "dc.contributor.illustrator": "Fish,Blue",
    "dc.date.created": "   Thu Feb 16 20:46:56 2017 DST",
    "dc.date.publication": {
        "dc.date.firstPublication": "AprilChaitra 1929",
        "dc.date.reprint": [
            "NovemberKartika 1929",
            "DecemberPausa 1930",
            "JanuaryMagha 1931",
            "JanuaryMagha 1932",
            "JanuaryMagha 1933",
            "NovemberKartika 1934",
            "NovemberKartika 1935",
            "DecemberPausa 1936",
            "DecemberPausa 1937",
            "FebruaryMagha 1938"
        ]
    },
    "dc.format.extent": {
        "PageCount": "12",
        "size_in_Bytes": "888156 byt"
    },
    "dc.description.toc": {
        "Unit 10: 10.1 Haloalkanes and Haloarenes . Classification ": "281",
        "10.2 . Nomenclature ": "281",
        "10.3 . Nature of C'X Bond ": "281",
        "10.4 . Methods of Preparation ": "281",
        "10.5 . Physical Properties ": "281",
        "10.6 . Chemical Reactions ": "281",
        "10.7 . Polyhalogen Compounds ": "281",
        "Unit 11: 11.1 Alcohols, Phenols and Ethers . Classification ": "315",
        "11.2 . Nomenclature ": "315",
        "11.3 . Structures of Functional Groups ": "315",
        "11.4 . Alcohols and Phenols ": "315",
        "11.5 . Some Commercially Important Alcohols ": "315",
        "11.6 . Ethers ": "315",
        "Unit 12: 12.1 Aldehydes, Ketones and Carboxylic Acids . Nomenclature and Structure of Carbonyl Group ": "349",
        "12.2 . Preparation of Aldehydes and Ketones ": "349",
        "12.3 . Physical Properties ": "349",
        "12.4 . Chemical Reactions ": "349",
        "12.5 . Uses of Aldehydes and Ketones ": "349",
        "12.6 . Nomenclature and Structure of Carboxyl Group ": "349",
        "12.7 . Methods of Preparation of Carboxylic Acids ": "349",
        "12.8 . Physical Properties ": "349",
        "12.9 . Chemical Reactions ": "349",
        "Unit 13: 13.1 Amines . Structure of Amines . Classification ": "381",
        "13.2 . Nomenclature ": "381",
        "13.3 . Preparation of Amines ": "381",
        "13.4 . Physical Properties ": "381",
        "13.5 . Chemical Reactions ": "381",
        "13.6 . Method of Preparation of Diazonium Salts ": "381",
        "13.7 . Physical Properties ": "381",
        "13.8 . Chemical Reactions ": "381",
        "13.9 . Importance of Diazonium Salts in Synthesis of ": "381",
        "13.10 Aromatic Compounds": "381",
        "Unit 14: 14.1 Biomolecules . Carbohydrates . Proteins ": "403",
        "14.2 . Enzymes ": "403",
        "14.3 . Vitamins ": "403",
        "14.4 . Nucleic Acids ": "403",
        "Unit 15: 15.1 Polymers . Classification of Polymers ": "425",
        "15.2 . Types of Polymerisation ": "425",
        "15.3 . Molecular Mass of Polymers ": "425",
        "15.4 . Biodegradable Polymers ": "425",
        "15.5 . Polymers of Commercial Importance ": "425",
        "Unit 16: 16.1 Chemistry in Everyday Life . Drugs and their Classification . Drug-Target Interaction ": "439",
        "16.2 . Therapeutic Action of Different Classes of Drugs ": "439",
        "16.3 . Chemicals in Food ": "439",
        "16.4 . Cleansing Agents ": "439",
        "16.5 Answers to Some Questions in Exercises ": "439",
        "16.6 Index  xii": "439"
    },
    "dc.subject.ddc": {
        "level1": {
            "500": "Science",
            "600": "Technology",
            "700": "Arts &amp; recreation"
        },
        "level2": {
            "540": "Chemistry",
            "500": "Science"
        },
        "level3": {
            "540": "Chemistry &amp; allied sciences"
        }
    },
    "dc.description.searchVisibility": "TRUE",
    "dc.format.mimetype": "application/pdf",
    "dc.type": "text",
    "dc.language": "eng",
    "dc.contributor.advisosr": "",
    "dc.contributor.author": "",
    "dc.identifier.uri": "",
    "dc.publisher.date": "",
    "dc.publisher.place": "",
    "dc.relation.referenences": "",
    "dc.relation.haspart[]": "",
    "dc.relation.ispartof": "",
    "dc.relation.ispartofseries": "",
    "dc.relation.requires[]": "PDFviewer Plugin",
    "dc.rights.accessrights": "Open",
    "dc.source.uri": "http://www.ncert.nic.in/",
    "dc.source": "NCERT",
    "dc.subject.prerequisitetopic[]": "",
    "dc.title.alternative": "",
    "lrmi.educationalAlignment.educationalFramework": "Central Board of Secondary Education (CBSE)",
    "lrmi.educationalAlignment.difficultyLevel[]": "",
    "lrmi.educationalAlignment.educationLevel": "",
    "lrmi.educationalRole[]": "student",
    "lrmi.educationalUse[]": "reading",
    "lrmi.interactivityType[]": "expositive",
    "lrmi.learningResourceType[]": "book",
    "lrmi.typicalAgeRange[]": ""
}