{
    "dc.title": "",
    "dc.description.abstract": "",
    "dcterm.educationlevel": "",
    "dc.identifier.isbn": "8174506586",
    "dc.date.copyright": "2007",
    "dc.contributor.editor": "Uppal,Shveta||Sankaranarayanan,Vijayam",
    "dc.contributor.illustrator": "Wadhwa,Nidhi",
    "dc.date.created": "   Wed Mar  1 16:12:16 2017 DST",
    "dc.date.publication": {
        "dc.date.firstPublication": "FebruaryMagha 1928",
        "dc.date.reprint": [
            "NovemberKartika 1929",
            "JanuaryPausa 1930",
            "DecemberAgrahayana 1931",
            "NovemberKartika 1932",
            "JanuaryMagha 1933",
            "DecemberAgrahayana 1934",
            "NovemberKartika 1935",
            "NovemberAgrahayana 1936",
            "DecemberPausa 1937",
            "FebruaryPhalguna 1938"
        ]
    },
    "dc.format.extent": {
        "PageCount": "10",
        "size_in_Bytes": "436724 byt"
    },
    "dc.description.toc": {
        "1.: 1.1 A Letter to God G.L.FUENTES": "1",
        "1.2 Dust of Snow ": "1",
        "1.3 ROBERT FROST": "1",
        "1.4 Fire and Ice ": "1",
        "1.5 ROBERT FROST": "1",
        "2.: 2.1 Nelson Mandela : Long Walk to Freedom NELSON ROLIHLAHLA MANDELA": "16",
        "2.2 A Tiger in the Zoo ": "16",
        "2.3 LESLIE NORRIS": "16",
        "3.: 3.1 Two Stories about Flying I. His First Flight": "32",
        "3.2 LIAM O' FLAHERTY": "32",
        "3.3 II. Black Aeroplane": "32",
        "3.4 How to Tell Wild Animals ": "32",
        "3.5 CAROLYN WELLS": "32",
        "3.6 The Ball Poem ": "32",
        "3.7 JOHN BERRYMAN": "32",
        "4.: 4.1 From the Diary of Anne Frank ANNE FRANK": "48",
        "4.2 Amanda! ": "48",
        "4.3 ROBIN KLEIN": "48",
        "5.: The Hundred Dresses 'I EL BSOR ESTER": "63",
        "6.: 6.1 The Hundred Dresses'II Animals ": "73",
        "6.2 WALT WHITMAN": "73",
        "7.: 7.1 Glimpses of India I. A Baker from Goa": "85",
        "7.2 LUCIO RODRIGUES": "85",
        "7.3 II. Coorg": "85",
        "7.4 The Trees ": "85",
        "7.5 ADRIENNE RICH": "85",
        "8.: 8.1 Mijbil the Otter GAVIN MAXWELL": "102",
        "8.2 Fog ": "102",
        "8.3 CARL SANDBURG": "102",
        "9.: 9.1 Madam Rides the Bus VALLIKKANNAN": "116",
        "9.2 The Tale of Custard the Dragon ": "116",
        "9.3 OGDEN NASH": "116",
        "10.: 10.1 The Sermon at Benares For Anne Gregory ": "133",
        "10.2 WILLIAM BUTLER YEATS": "133",
        "11.: The Proposal ANTON CHEKOV": "142"
    },
    "dc.subject.ddc": {
        "level1": {
            "800": "Literature",
            "200": "Religion"
        },
        "level2": {
            "830": "German &amp; related literatures",
            "810": "American literature in English",
            "820": "English &amp; Old English literatures"
        },
        "level3": {}
    },
    "dc.description.searchVisibility": "TRUE",
    "dc.format.mimetype": "application/pdf",
    "dc.type": "text",
    "dc.language": "eng",
    "dc.contributor.advisosr": "",
    "dc.contributor.author": "",
    "dc.identifier.uri": "",
    "dc.publisher.date": "",
    "dc.publisher.place": "",
    "dc.relation.referenences": "",
    "dc.relation.haspart[]": "",
    "dc.relation.ispartof": "",
    "dc.relation.ispartofseries": "",
    "dc.relation.requires[]": "PDFviewer Plugin",
    "dc.rights.accessrights": "Open",
    "dc.source.uri": "http://www.ncert.nic.in/",
    "dc.source": "NCERT",
    "dc.subject.prerequisitetopic[]": "",
    "dc.title.alternative": "",
    "lrmi.educationalAlignment.educationalFramework": "Central Board of Secondary Education (CBSE)",
    "lrmi.educationalAlignment.difficultyLevel[]": "",
    "lrmi.educationalAlignment.educationLevel": "",
    "lrmi.educationalRole[]": "student",
    "lrmi.educationalUse[]": "reading",
    "lrmi.interactivityType[]": "expositive",
    "lrmi.learningResourceType[]": "book",
    "lrmi.typicalAgeRange[]": ""
}