{
    "dc.title": "SOCIAL SCIENCE SOCIAL AND POLITICAL LIFE \u2013 I",
    "dc.description.abstract": "Textbook for Class VI",
    "dcterm.educationlevel": "VI",
    "dc.identifier.isbn": "8174505113",
    "dc.date.copyright": "2006",
    "dc.contributor.editor": "Uppal,Shveta||Sutar,Bijnan",
    "dc.contributor.illustrator": "Chatterjee,Mrityunjay||Pal,Sohan||Prakash,Vishakha",
    "dc.date.created": "   Mon Feb  6 20:14:59 2017 DST",
    "dc.date.publication": {
        "dc.date.firstPublication": "FebruaryPhalguna 1927",
        "dc.date.reprint": [
            "DecemberPausa 1928",
            "DecemberPausa 1929",
            "DecemberAgrahayana 1931",
            "JanuaryMagha 1932",
            "FebruaryPhalguna 1933",
            "NovemberKartika 1934",
            "NovemberKartika 1935",
            "JanuaryMagha 1936",
            "JanuaryMagha 1938"
        ]
    },
    "dc.format.extent": {
        "PageCount": "14",
        "size_in_Bytes": "9708699 byt"
    },
    "dc.description.toc": {
        "Chapter 2: 2.1 people  who  are  'different'  from  others  are teased,  laughed  at  or  not  included  in  a certain  activity  or  group.    We  feel  hurt, angry,  helpless  or  sad  when  friends  or others treat us in such ways.  Have you ever wondered why this happens?": "1",
        "2.2 In the previous chapter you have discussed the  meanings  of  diversity.    Sometimes it  has  questions  that  are designed  both  to  generate curiosity as well as to elicit the we  live  in.    We  will  look  at  how  they  are connected  to  the  inequalities  that  exist": "1",
        "2.3 In this chapter we will try and explore how such  experiences  are  related  to  the  society child's  experiences  on  the particular  topic.  We  have  also begun each Chapter with a large visual. The reason behind this is once again to enable the child to conjecture, with the help of the picture  provided,  what  the particular  Chapter  seeks  to  get encouraged  to  come  up  with their own questions and visuals in  addition  to  using  those provided in this book.": "1",
        "2.4 II. In-text Questions and Exercises": "1",
        "2.5 You  will  notice  that  all  of  the  Chapters  include What were Hector and his classmates protesting about?": "1",
        "2.6 List five ways in which the non-whites were discriminated against:. .": "1",
        "2.7 . which  the  student  has  understood  what  has boxes that contain in-text questions, discussion boxes or exercises. These serve several purposes.": "1",
        "2.8 One  is  to  help  the  teacher  gauge  the  extent  to been discussed earlier in the Chapter.": "1"
    },
    "dc.subject.ddc": {
        "level1": {
            "300": "Social sciences",
            "200": "Religion"
        },
        "level2": {
            "360": "Social problems &amp; social services",
            "370": "Education",
            "300": "Social sciences, sociology &amp; anthropology"
        },
        "level3": {}
    },
    "dc.description.searchVisibility": "TRUE",
    "dc.format.mimetype": "application/pdf",
    "dc.type": "text",
    "dc.language": "eng",
    "dc.contributor.advisosr": "",
    "dc.contributor.author": "",
    "dc.identifier.uri": "",
    "dc.publisher.date": "",
    "dc.publisher.place": "",
    "dc.relation.referenences": "",
    "dc.relation.haspart[]": "",
    "dc.relation.ispartof": "",
    "dc.relation.ispartofseries": "",
    "dc.relation.requires[]": "PDFviewer Plugin",
    "dc.rights.accessrights": "Open",
    "dc.source.uri": "http://www.ncert.nic.in/",
    "dc.source": "NCERT",
    "dc.subject.prerequisitetopic[]": "",
    "dc.title.alternative": "",
    "lrmi.educationalAlignment.educationalFramework": "Central Board of Secondary Education (CBSE)",
    "lrmi.educationalAlignment.difficultyLevel[]": "",
    "lrmi.educationalAlignment.educationLevel": "high school",
    "lrmi.educationalRole[]": "student",
    "lrmi.educationalUse[]": "reading",
    "lrmi.interactivityType[]": "expositive",
    "lrmi.learningResourceType[]": "book",
    "lrmi.typicalAgeRange[]": "9-13"
}