{
    "dc.title": "LOOKING AROUND ENVIRONMENTAL STUDIES",
    "dc.description.abstract": "TEXTBOOK FOR CLASS IV",
    "dcterm.educationlevel": "IV",
    "dc.identifier.isbn": "8174506640",
    "dc.date.copyright": "2007",
    "dc.contributor.editor": "Uppal,Shveta||Kumar,Hemant",
    "dc.contributor.illustrator": "Balsavar,Deepa||Gill,Joel||Gupta,Arup||Hari,Alok||Raj,Manish||Rao,Shweta",
    "dc.date.created": "   Sat May 30 19:16:20 2015 DST",
    "dc.date.publication": {
        "dc.date.firstPublication": "FebruaryMagha 1928",
        "dc.date.reprint": [
            "NovemberKartika 1929",
            "FebruaryPhalguna 1930",
            "JanuaryMagha 1931",
            "MarchPhalguna 1932",
            "JanuaryMagha 1933",
            "MarchPhalguna 1934",
            "OctoberAsvina 1935",
            "DecemberPausa 1936"
        ]
    },
    "dc.format.extent": {
        "PageCount": "13",
        "size_in_Bytes": "8541423 byt"
    },
    "dc.description.toc": {
        "1.: Going to School ": "1",
        "2.: Ear to Ear ": "11",
        "3.: A Day with Nandu ": "21",
        "4.: The Story of Amrita ": "31",
        "5.: Anita and the Honeybees ": "38",
        "6.: Omana's Journey ": "47",
        "7.: From the Window ": "53",
        "8.: Reaching Grandmother's House ": "60",
        "9.: Changing Families ": "66",
        "10.: Hu Tu Tu, Hu Tu Tu ": "77",
        "11.: The Valley of Flowers ": "84",
        "12.: Changing Times ": "96",
        "13.: A River's Tale ": "106",
        "14.: Basva's Farm ": "113",
        "15.: From Market to Home ": "119",
        "16.: A Busy Month ": "127"
    },
    "dc.subject.ddc": {
        "level1": {
            "900": "History &amp; geography",
            "700": "Arts &amp; recreation",
            "800": "Literature"
        },
        "level2": {
            "910": "Geography &amp; travel",
            "900": "History",
            "930": "History of ancient world (to\u00a0ca.\u00a0499)",
            "940": "History of Europe"
        },
        "level3": {}
    },
    "dc.description.searchVisibility": "TRUE",
    "dc.format.mimetype": "application/pdf",
    "dc.type": "text",
    "dc.language": "eng",
    "dc.contributor.advisosr": "",
    "dc.contributor.author": "",
    "dc.identifier.uri": "",
    "dc.publisher.date": "",
    "dc.publisher.place": "",
    "dc.relation.referenences": "",
    "dc.relation.haspart[]": "",
    "dc.relation.ispartof": "",
    "dc.relation.ispartofseries": "",
    "dc.relation.requires[]": "PDFviewer Plugin",
    "dc.rights.accessrights": "Open",
    "dc.source.uri": "http://www.ncert.nic.in/",
    "dc.source": "NCERT",
    "dc.subject.prerequisitetopic[]": "",
    "dc.title.alternative": "",
    "lrmi.educationalAlignment.educationalFramework": "Central Board of Secondary Education (CBSE)",
    "lrmi.educationalAlignment.difficultyLevel[]": "",
    "lrmi.educationalAlignment.educationLevel": "",
    "lrmi.educationalRole[]": "student",
    "lrmi.educationalUse[]": "reading",
    "lrmi.interactivityType[]": "expositive",
    "lrmi.learningResourceType[]": "book",
    "lrmi.typicalAgeRange[]": "7-11"
}