{
    "dc.title": "UNDERSTANDING SOCIETY",
    "dc.description.abstract": "TEXTBOOK FOR CLASS XI",
    "dcterm.educationlevel": "XI",
    "dc.identifier.isbn": "8174501116",
    "dc.date.copyright": "2006",
    "dc.contributor.editor": "Uppal,Shveta||Bhardwaj,R.N.",
    "dc.contributor.illustrator": "Srivastava,Amit",
    "dc.date.created": "   Wed Dec 28 22:29:40 2016 DST",
    "dc.date.publication": {
        "dc.date.firstPublication": "August",
        "dc.date.reprint": [
            "NovemberKartika 1928",
            "DecemberAgrahayana 1929",
            "JuneAsadha 1931",
            "JanuaryMagha 1931",
            "JanuaryMagha 1932",
            "AugustShravana 1934",
            "NovemberKartika 1935",
            "JanuaryMagha 1936",
            "DecemberPausa 1937",
            "DecemberPausa 1938"
        ]
    },
    "dc.format.extent": {
        "PageCount": "14",
        "size_in_Bytes": "240768 byt"
    },
    "dc.description.toc": {
        "1.: SOCIAL STRUCTURE, STRATIFICATION AND SOCIAL PROCESSES IN SOCIETY": "1",
        "2.: SOCIAL CHANGE AND SOCIAL ORDER IN RURAL AND URBAN SOCIETY": "22",
        "3.: ENVIRONMENT AND SOCIETY ": "50",
        "4.: INTRODUCING WESTERN SOCIOLOGISTS ": "66",
        "5.: INDIAN SOCIOLOGISTS ": "83"
    },
    "dc.subject.ddc": {
        "level1": {
            "300": "Social sciences",
            "700": "Arts &amp; recreation"
        },
        "level2": {
            "300": "Social sciences, sociology &amp; anthropology",
            "360": "Social problems &amp; social services"
        },
        "level3": {
            "300": "Social sciences",
            "306": "Culture &amp; institutions"
        }
    },
    "dc.description.searchVisibility": "TRUE",
    "dc.format.mimetype": "application/pdf",
    "dc.type": "text",
    "dc.language": "eng",
    "dc.contributor.advisosr": "",
    "dc.contributor.author": "",
    "dc.identifier.uri": "",
    "dc.publisher.date": "",
    "dc.publisher.place": "",
    "dc.relation.referenences": "",
    "dc.relation.haspart[]": "",
    "dc.relation.ispartof": "",
    "dc.relation.ispartofseries": "",
    "dc.relation.requires[]": "PDFviewer Plugin",
    "dc.rights.accessrights": "Open",
    "dc.source.uri": "http://www.ncert.nic.in/",
    "dc.source": "NCERT",
    "dc.subject.prerequisitetopic[]": "",
    "dc.title.alternative": "",
    "lrmi.educationalAlignment.educationalFramework": "Central Board of Secondary Education (CBSE)",
    "lrmi.educationalAlignment.difficultyLevel[]": "medium",
    "lrmi.educationalAlignment.educationLevel": "high school",
    "lrmi.educationalRole[]": "student",
    "lrmi.educationalUse[]": "reading",
    "lrmi.interactivityType[]": "expositive",
    "lrmi.learningResourceType[]": "book",
    "lrmi.typicalAgeRange[]": "14-18"
}