{
    "dc.title": "BUSINESS STUDIES PART I PRINCIPLES AND FUNCTIONS OF MANAGEMENT",
    "dc.description.abstract": "Textbook for Class XII",
    "dcterm.educationlevel": "XII",
    "dc.identifier.isbn": "8174506977",
    "dc.date.copyright": "2007",
    "dc.contributor.editor": "Uppal,Shveta||Kumar,Vijay",
    "dc.contributor.illustrator": "Rao,Shweta||Tyagi,Ashwani",
    "dc.date.created": "   Fri Feb 17 18:00:54 2017 DST",
    "dc.date.publication": {
        "dc.date.firstPublication": "MayChaitra 1928",
        "dc.date.reprint": [
            "DecemberAgrahayana 1929",
            "MarchChaitra 1930",
            "JanuaryMagha 1931",
            "JanuaryMagha 1932",
            "JanuaryMagha 1933",
            "JanuaryMagha 1934",
            "NovemberKartika 1935",
            "DecemberPausa 1936",
            "JanuaryPausa 1937",
            "DecemberPausa 1938"
        ]
    },
    "dc.format.extent": {
        "PageCount": "8",
        "size_in_Bytes": "1359854 byt"
    },
    "dc.description.toc": {
        "CHAPTER 1: NATURE AND SIGNIFICANCE OF MANAGEMENT ": "1",
        "CHAPTER 2: PRINCIPLES OF MANAGEMENT ": "31",
        "CHAPTER 3: BUSINESS ENVIRONMENT ": "72",
        "CHAPTER 4: PLANNING ": "95",
        "CHAPTER 5: ORGANISING ": "112",
        "CHAPTER 6: STAFFING ": "146",
        "CHAPTER 7: DIRECTING ": "178",
        "CHAPTER 8: CONTROLLING ": "215"
    },
    "dc.subject.ddc": {
        "level1": {
            "200": "Religion",
            "700": "Arts &amp; recreation"
        },
        "level2": {
            "290": "Other religions",
            "200": "Religion"
        },
        "level3": {}
    },
    "dc.description.searchVisibility": "TRUE",
    "dc.format.mimetype": "application/pdf",
    "dc.type": "text",
    "dc.language": "eng",
    "dc.contributor.advisosr": "",
    "dc.contributor.author": "",
    "dc.identifier.uri": "",
    "dc.publisher.date": "",
    "dc.publisher.place": "",
    "dc.relation.referenences": "",
    "dc.relation.haspart[]": "",
    "dc.relation.ispartof": "",
    "dc.relation.ispartofseries": "",
    "dc.relation.requires[]": "PDFviewer Plugin",
    "dc.rights.accessrights": "Open",
    "dc.source.uri": "http://www.ncert.nic.in/",
    "dc.source": "NCERT",
    "dc.subject.prerequisitetopic[]": "",
    "dc.title.alternative": "",
    "lrmi.educationalAlignment.educationalFramework": "Central Board of Secondary Education (CBSE)",
    "lrmi.educationalAlignment.difficultyLevel[]": "medium",
    "lrmi.educationalAlignment.educationLevel": "high school",
    "lrmi.educationalRole[]": "student",
    "lrmi.educationalUse[]": "reading",
    "lrmi.interactivityType[]": "expositive",
    "lrmi.learningResourceType[]": "book",
    "lrmi.typicalAgeRange[]": "15-19"
}