{
    "dc.title": "THE STORY OF GRAPH C THE STORY OF GRAPH C",
    "dc.description.abstract": "TEXTBOOK FOR CLASS XI",
    "dcterm.educationlevel": "XI",
    "dc.identifier.isbn": "9788174509444",
    "dc.date.copyright": "2009",
    "dc.contributor.editor": "Uppal,Shveta||Bhardwaj,Ram",
    "dc.contributor.illustrator": "Mourya,Lalit",
    "dc.date.created": "   Mon Jul 21 12:33:46 2014 DST",
    "dc.date.publication": {
        "dc.date.firstPublication": "MarchChaitra 1931",
        "dc.date.reprint": ""
    },
    "dc.format.extent": {
        "PageCount": "17",
        "size_in_Bytes": "3651898 byt"
    },
    "dc.description.toc": {},
    "dc.subject.ddc": {
        "level1": {
            "800": "Literature",
            "500": "Science",
            "200": "Religion"
        },
        "level2": {
            "830": "German &amp; related literatures",
            "820": "English &amp; Old English literatures",
            "810": "American literature in English",
            "800": "Literature, rhetoric &amp; criticism"
        },
        "level3": {}
    },
    "dc.description.searchVisibility": "TRUE",
    "dc.format.mimetype": "application/pdf",
    "dc.type": "text",
    "dc.language": "eng",
    "dc.contributor.advisosr": "",
    "dc.contributor.author": "",
    "dc.identifier.uri": "",
    "dc.publisher.date": "",
    "dc.publisher.place": "",
    "dc.relation.referenences": "",
    "dc.relation.haspart[]": "",
    "dc.relation.ispartof": "",
    "dc.relation.ispartofseries": "",
    "dc.relation.requires[]": "PDFviewer Plugin",
    "dc.rights.accessrights": "Open",
    "dc.source.uri": "http://www.ncert.nic.in/",
    "dc.source": "NCERT",
    "dc.subject.prerequisitetopic[]": "",
    "dc.title.alternative": "",
    "lrmi.educationalAlignment.educationalFramework": "Central Board of Secondary Education (CBSE)",
    "lrmi.educationalAlignment.difficultyLevel[]": "medium",
    "lrmi.educationalAlignment.educationLevel": "high school",
    "lrmi.educationalRole[]": "student",
    "lrmi.educationalUse[]": "reading",
    "lrmi.interactivityType[]": "expositive",
    "lrmi.learningResourceType[]": "book",
    "lrmi.typicalAgeRange[]": "14-18"
}