{
    "dc.title": "PHYSICS PART \u2013 II",
    "dc.description.abstract": "TEXTBOOK FOR CLASS XII",
    "dcterm.educationlevel": "XII",
    "dc.identifier.isbn": "8174506713",
    "dc.date.copyright": "2007",
    "dc.contributor.editor": "Uppal,Shveta||Bhardwaj,R.",
    "dc.contributor.illustrator": "Rao,Shweta",
    "dc.date.created": "   Mon Feb 27 20:08:31 2017 DST",
    "dc.date.publication": {
        "dc.date.firstPublication": "MarchChaitra 1928",
        "dc.date.reprint": [
            "DecemberAgrahayana 1929",
            "DecemberPausa 1930",
            "DecemberPausa 1931",
            "JanuaryPausa 1932",
            "JanuaryMagha 1933",
            "DecemberAgrahayana 1934",
            "NovemberKartika 1935",
            "DecemberPausa 1936",
            "DecemberAgrahayana 1937",
            "FebruaryMagha 1938"
        ]
    },
    "dc.format.extent": {
        "PageCount": "16",
        "size_in_Bytes": "1425415 byt"
    },
    "dc.description.toc": {
        "9.1: Introduction ": "309",
        "9.2: Reflection of Light by Spherical Mirrors ": "310",
        "9.3: Refraction ": "316",
        "9.4: Total Internal Reflection ": "319",
        "9.5: Refraction at Spherical Surfaces and by Lenses ": "323",
        "9.6: Refraction through a Prism ": "330",
        "9.7: Dispersion by a Prism ": "332",
        "9.8: Some Natural Phenomena due to Sunlight ": "333",
        "9.9: 9.1 Optical Instruments CHAPTER TEN": "335",
        "9.2 WAVE OPTICS": "335",
        "10.1: Introduction ": "351",
        "10.2: Huygens Principle ": "353",
        "10.3: Refraction and reflection of plane waves using Huygens Principle ": "355",
        "10.4: Coherent and Incoherent Addition of Waves ": "360",
        "10.5: Interference of Light Waves and Young's Experiment ": "362",
        "10.6: Diffraction ": "367",
        "10.7: 10.1 Polarisation CHAPTER ELEVEN": "376",
        "10.2 DUAL NATURE OF RADIATION AND MATTER": "376",
        "11.1: Introduction ": "386",
        "11.2: Electron Emission ": "387",
        "11.3: Photoelectric Effect ": "388",
        "11.4: Experimental Study of Photoelectric Effect ": "389",
        "11.5: Photoelectric Effect and Wave Theory of Light ": "393",
        "11.6: Einstein's Photoelectric Equation: Energy Quantum of Radiation ": "393",
        "12.1: Introduction ": "414",
        "12.2: Alpha-particle Scattering and Rutherford's Nuclear Model of Atom ": "415",
        "12.3: Atomic Spectra ": "420",
        "12.4: Bohr Model of the Hydrogen Atom ": "422",
        "12.5: The Line Spectra of the Hydrogen Atom ": "428",
        "12.6: 12.1 DE Broglie's Explanation of Bohr's Second Postulate of Quantisation CHAPTER THIRTEEN": "430",
        "12.2 NUCLEI": "430",
        "13.1: Introduction ": "438",
        "13.2: Atomic Masses and Composition of Nucleus ": "438",
        "13.3: Size of the Nucleus ": "441",
        "13.4: Mass-Energy and Nuclear Binding Energy ": "442",
        "13.5: Nuclear Force ": "445",
        "13.6: Radioactivity ": "446",
        "13.7: 13.1 Nuclear Energy CHAPTER FOURTEEN": "451",
        "13.2 SEMICONDUCTOR ELECTRONICS: MATERIALS, DEVICES AND SIMPLE CIRCUITS": "451",
        "14.1: Introduction ": "467",
        "14.2: Classification of Metals, Conductors and Semiconductors ": "468",
        "14.3: Intrinsic Semiconductor ": "472",
        "14.4: Extrinsic Semiconductor ": "474",
        "14.5: p-n Junction ": "478",
        "14.6: Semiconductor diode ": "479",
        "14.7: Application of Junction Diode as a Rectifier ": "483",
        "14.8: Special Purpose p-n Junction Diodes ": "485",
        "14.9: Junction Transistor ": "490",
        "14.10: Digital Electronics and Logic Gates ": "501",
        "14.11: 14.1 Integrated Circuits CHAPTER FIFTEEN": "505",
        "14.2 COMMUNICATION SYSTEMS": "505",
        "15.1: Introduction ": "513",
        "15.2: Elements of a Communication System ": "513",
        "15.3: Basic Terminology Used in Electronic Communication Systems ": "515",
        "15.4: Bandwidth of Signals ": "517",
        "15.5: Bandwidth of Transmission Medium ": "518",
        "15.7: Modulation and its Necessity ": "522",
        "15.8: Amplitude Modulation ": "524",
        "15.9: Production of Amplitude Modulated Wave ": "525",
        "15.10: 15.1 Detection of Amplitude Modulated Wave ADDITIONAL INFORMATION ": "526",
        "15.2 APPENDICES ": "526",
        "15.3 ANSWERS ": "526",
        "15.4 BIBLIOGRAPHY ": "526",
        "15.5 INDEX ": "526"
    },
    "dc.subject.ddc": {
        "level1": {
            "500": "Science",
            "600": "Technology",
            "100": "Philosophy &amp; psychology"
        },
        "level2": {
            "530": "Physics"
        },
        "level3": {
            "535": "Light &amp; infrared &amp; ultraviolet phenomena"
        }
    },
    "dc.description.searchVisibility": "TRUE",
    "dc.format.mimetype": "application/pdf",
    "dc.type": "text",
    "dc.language": "eng",
    "dc.contributor.advisosr": "",
    "dc.contributor.author": "",
    "dc.identifier.uri": "",
    "dc.publisher.date": "",
    "dc.publisher.place": "",
    "dc.relation.referenences": "",
    "dc.relation.haspart[]": "",
    "dc.relation.ispartof": "",
    "dc.relation.ispartofseries": "",
    "dc.relation.requires[]": "PDFviewer Plugin",
    "dc.rights.accessrights": "Open",
    "dc.source.uri": "http://www.ncert.nic.in/",
    "dc.source": "NCERT",
    "dc.subject.prerequisitetopic[]": "",
    "dc.title.alternative": "",
    "lrmi.educationalAlignment.educationalFramework": "Central Board of Secondary Education (CBSE)",
    "lrmi.educationalAlignment.difficultyLevel[]": "medium",
    "lrmi.educationalAlignment.educationLevel": "high school",
    "lrmi.educationalRole[]": "student",
    "lrmi.educationalUse[]": "reading",
    "lrmi.interactivityType[]": "expositive",
    "lrmi.learningResourceType[]": "book",
    "lrmi.typicalAgeRange[]": "15-19"
}