{
    "dc.title": "Chemistry Part I",
    "dc.description.abstract": "Textbook for Class XI",
    "dcterm.educationlevel": "XI",
    "dc.identifier.isbn": "817450494X",
    "dc.date.copyright": "2006",
    "dc.contributor.editor": "Uppal,Shveta||Banerjee,Binoy",
    "dc.contributor.illustrator": "Nayal,Anil||Rao,Shweta||Wadhwa,Nidhi",
    "dc.date.created": "   Mon Feb 27 17:30:35 2017 DST",
    "dc.date.publication": {
        "dc.date.firstPublication": "MarchPhalguna 1927",
        "dc.date.reprint": [
            "OctoberKartika 1928",
            "NovemberKartika 1929",
            "JanuaryMagha 1930",
            "DecemberPausa 1931",
            "NovemberKartika 1932",
            "January",
            "NovemberKartika 1934",
            "NovemberKartika 1935",
            "DecemberPausa 1936",
            "MayVaishakha 1938",
            "FebruaryMagha 1938"
        ]
    },
    "dc.format.extent": {
        "PageCount": "10",
        "size_in_Bytes": "818247 byt"
    },
    "dc.description.toc": {
        "Unit 1: 1.1 Some Basic Concepts of Chemistry . Importance of Chemistry . Nature of Matter ": "1",
        "1.2 . Properties of Matter and their Measurement ": "1",
        "1.3 . Uncertainty in Measurement ": "1",
        "1.4 . Laws of Chemical Combinations . Dalton's Atomic Theory ": "1",
        "1.5 . Atomic and Molecular Masses ": "1",
        "1.6 . Mole concept and Molar Masses ": "1",
        "1.7 . Percentage Composition ": "1",
        "1.8 . Stoichiometry and Stoichiometric Calculations ": "1",
        "Unit 2: 2.1 Structure of Atom . Sub-atomic Particles ": "26",
        "2.2 . Atomic Models ": "26",
        "2.3 . Developments Leading to the Bohr's Model of Atom ": "26",
        "2.4 . Bohr's Model for Hydrogen Atom ": "26",
        "2.5 . Towards Quantum Mechanical Model of the Atom ": "26",
        "2.6 . Quantum Mechanical Model of Atom ": "26",
        "Unit 3: 3.1 Classification of Elements and Periodicity in Properties . Why do we need to Classify Elements ? . Genesis of Periodic Classification ": "70",
        "3.2 . Modern Periodic Law and the present form of the Periodic Table ": "70",
        "3.3 . Nomenclature of Elements with Atomic Number &gt;  ": "70",
        "3.4 . Electronic Configurations of Elements and the Periodic Table ": "70",
        "3.5 . Electronic Configurations and Types of Elements: ": "70",
        "3.6 ": "70",
        "3.7  (viii ) CHEMISTRY": "70",
        "Unit 4: 4.1 Chemical Bonding and Molecular Structure . K\u00f6ssel-Lewis Approach to Chemical Bonding ": "96",
        "4.2 . Ionic or Electrovalent Bond ": "96",
        "4.3 . Bond Parameters ": "96",
        "4.4 . The Valence Shell Electron Pair Repulsion (VSEPR) Theory ": "96",
        "4.5 . Valence Bond Theory ": "96",
        "4.6 . Hybridisation ": "96",
        "4.7 . Molecular Orbital Theory ": "96",
        "4.8 . Bonding in Some Homonuclear Diatomic Molecules ": "96",
        "4.9 . Hydrogen Bonding ": "96",
        "Unit 5: 5.1 States of Matter . Intermolecular Forces ": "132",
        "5.2 . Thermal Energy ": "132",
        "5.3 . Intermolecular Forces vs Thermal Interactions ": "132",
        "5.4 . The Gaseous State ": "132",
        "5.5 . The Gas Laws ": "132",
        "5.6 . Ideal Gas Equation ": "132",
        "5.7 . Kinetic Molecular Theory of Gases ": "132",
        "5.8 . Behaviour of real gases: Deviation from Ideal Gas Behaviour ": "132",
        "5.9 . Liquifaction of Gases ": "132",
        "5.10 . Liquid State ": "132",
        "Unit 6: 6.1 Thermodynamics . Thermodynamic State ": "154",
        "6.2 . Applications ": "154",
        "6.3 . Measurement of \u2206U and \u2206H: Calorimetry ": "154",
        "6.4 . Enthalpy Change, \u2206rH of a Reaction ": "154",
        "6.5 . Enthalpies for Different Types of Reactions ": "154",
        "6.6 . Spontaneity ": "154",
        "6.7 . Gibbs Energy Change and Equilibrium ": "154",
        "Unit 7: Equilibrium . Equilibrium in Physical Processes ": "185"
    },
    "dc.subject.ddc": {
        "level1": {
            "500": "Science"
        },
        "level2": {
            "540": "Chemistry"
        },
        "level3": {
            "541": "Physical chemistry"
        }
    },
    "dc.description.searchVisibility": "TRUE",
    "dc.format.mimetype": "application/pdf",
    "dc.type": "text",
    "dc.language": "eng",
    "dc.contributor.advisosr": "",
    "dc.contributor.author": "",
    "dc.identifier.uri": "",
    "dc.publisher.date": "",
    "dc.publisher.place": "",
    "dc.relation.referenences": "",
    "dc.relation.haspart[]": "",
    "dc.relation.ispartof": "",
    "dc.relation.ispartofseries": "",
    "dc.relation.requires[]": "PDFviewer Plugin",
    "dc.rights.accessrights": "Open",
    "dc.source.uri": "http://www.ncert.nic.in/",
    "dc.source": "NCERT",
    "dc.subject.prerequisitetopic[]": "",
    "dc.title.alternative": "",
    "lrmi.educationalAlignment.educationalFramework": "Central Board of Secondary Education (CBSE)",
    "lrmi.educationalAlignment.difficultyLevel[]": "medium",
    "lrmi.educationalAlignment.educationLevel": "high school",
    "lrmi.educationalRole[]": "student",
    "lrmi.educationalUse[]": "reading",
    "lrmi.interactivityType[]": "expositive",
    "lrmi.learningResourceType[]": "book",
    "lrmi.typicalAgeRange[]": "14-18"
}