{
    "dc.title": "It so happened...",
    "dc.description.abstract": "Supplementary Reader in English for Class VIII",
    "dcterm.educationlevel": "VIII",
    "dc.identifier.isbn": "8174508355",
    "dc.date.copyright": "2008",
    "dc.contributor.editor": "Uppal,Shveta||Sankaranarayanan,Vijayam",
    "dc.contributor.illustrator": "Fish,Blue",
    "dc.date.created": "   Wed Dec 28 15:44:45 2016 DST",
    "dc.date.publication": {
        "dc.date.firstPublication": "April",
        "dc.date.reprint": [
            "JanuaryMagha 1930",
            "JanuaryMagha 1931",
            "JanuaryMagha 1932",
            "JanuaryMagha 1933",
            "DecemberAgrahayana 1934",
            "OctoberAsvina 1935",
            "DecemberPausa 1936",
            "DecemberPausa 1938"
        ]
    },
    "dc.format.extent": {
        "PageCount": "12",
        "size_in_Bytes": "2317072 byt"
    },
    "dc.description.toc": {
        "1.: How the Camel got his hump ": "1",
        "2.: Children at work ": "7",
        "3.: The Selfish Giant ": "17",
        "4.: The treasure within ": "25",
        "5.: Princess September ": "34",
        "6.: The fight ": "45",
        "7.: The open window ": "55",
        "8.: Jalebis ": "62",
        "9.: The comet \u2014 I ": "73",
        "10.: The comet \u2014 II ": "81"
    },
    "dc.subject.ddc": {
        "level1": {
            "800": "Literature"
        },
        "level2": {
            "830": "German &amp; related literatures",
            "820": "English &amp; Old English literatures",
            "800": "Literature, rhetoric &amp; criticism"
        },
        "level3": {}
    },
    "dc.description.searchVisibility": "TRUE",
    "dc.format.mimetype": "application/pdf",
    "dc.type": "text",
    "dc.language": "eng",
    "dc.contributor.advisosr": "",
    "dc.contributor.author": "",
    "dc.identifier.uri": "",
    "dc.publisher.date": "",
    "dc.publisher.place": "",
    "dc.relation.referenences": "",
    "dc.relation.haspart[]": "",
    "dc.relation.ispartof": "",
    "dc.relation.ispartofseries": "",
    "dc.relation.requires[]": "PDFviewer Plugin",
    "dc.rights.accessrights": "Open",
    "dc.source.uri": "http://www.ncert.nic.in/",
    "dc.source": "NCERT",
    "dc.subject.prerequisitetopic[]": "",
    "dc.title.alternative": "",
    "lrmi.educationalAlignment.educationalFramework": "Central Board of Secondary Education (CBSE)",
    "lrmi.educationalAlignment.difficultyLevel[]": "medium",
    "lrmi.educationalAlignment.educationLevel": "high school",
    "lrmi.educationalRole[]": "student",
    "lrmi.educationalUse[]": "reading",
    "lrmi.interactivityType[]": "expositive",
    "lrmi.learningResourceType[]": "book",
    "lrmi.typicalAgeRange[]": "11-15"
}