{
    "dc.title": "Honeydew",
    "dc.description.abstract": "Textbook in English for Class VIII",
    "dcterm.educationlevel": "VIII",
    "dc.identifier.isbn": "9788174508218",
    "dc.date.copyright": "2008",
    "dc.contributor.editor": "Uppal,Shveta",
    "dc.contributor.illustrator": "Fish,Blue||Kapoor,Nimisha",
    "dc.date.created": "   Mon Dec 26 18:10:43 2016 DST",
    "dc.date.publication": {
        "dc.date.firstPublication": "FebruaryPhalguna 1929",
        "dc.date.reprint": [
            "JanuaryPausa 1930",
            "JanuaryMagha 1931",
            "JanuaryMagha 1932",
            "JanuaryMagha 1933",
            "DecemberAgrahayana 1934",
            "OctoberAsvina 1935",
            "DecemberAgrahayana 1936",
            "DecemberAgrahayana 1937",
            "DecemberPausa 1938"
        ]
    },
    "dc.format.extent": {
        "PageCount": "9",
        "size_in_Bytes": "861559 byt"
    },
    "dc.description.toc": {
        "1.: 1.1 The Best Christmas Present in the World": "9",
        "1.2 The Ant and the Cricket ": "9",
        "2.: The Tsunami Geography Lesson ": "24",
        "3.: 3.1 Glimpses of the Past Macavity : The Mystery Cat ": "36",
        "3.2 NOTES FOR THE TEACHER (UNITS -) -": "36",
        "4.: Bepin Choudhury's Lapse of Memory The Last Bargain ": "60",
        "5.: The Summit Within The School Boy ": "76",
        "6.: This is Jody's Fawn The Duck and the Kangaroo ": "87",
        "7.: 7.1 A Visit to Cambridge When I set out for Lyonnesse ": "100",
        "7.2 NOTES FOR THE TEACHER (UNITS -) -": "100",
        "8.: A Short Monsoon Diary On the Grasshopper and Cricket ": "113",
        "9.: The Great Stone Face'I ": "124",
        "10.: The Great Stone Face'II ": "132"
    },
    "dc.subject.ddc": {
        "level1": {
            "900": "History &amp; geography",
            "800": "Literature"
        },
        "level2": {
            "900": "History"
        },
        "level3": {}
    },
    "dc.description.searchVisibility": "TRUE",
    "dc.format.mimetype": "application/pdf",
    "dc.type": "text",
    "dc.language": "eng",
    "dc.contributor.advisosr": "",
    "dc.contributor.author": "",
    "dc.identifier.uri": "",
    "dc.publisher.date": "",
    "dc.publisher.place": "",
    "dc.relation.referenences": "",
    "dc.relation.haspart[]": "",
    "dc.relation.ispartof": "",
    "dc.relation.ispartofseries": "",
    "dc.relation.requires[]": "PDFviewer Plugin",
    "dc.rights.accessrights": "Open",
    "dc.source.uri": "http://www.ncert.nic.in/",
    "dc.source": "NCERT",
    "dc.subject.prerequisitetopic[]": "",
    "dc.title.alternative": "",
    "lrmi.educationalAlignment.educationalFramework": "Central Board of Secondary Education (CBSE)",
    "lrmi.educationalAlignment.difficultyLevel[]": "medium",
    "lrmi.educationalAlignment.educationLevel": "high school",
    "lrmi.educationalRole[]": "student",
    "lrmi.educationalUse[]": "reading",
    "lrmi.interactivityType[]": "expositive",
    "lrmi.learningResourceType[]": "book",
    "lrmi.typicalAgeRange[]": "11-15"
}