{
    "dc.title": "THEMES IN PART III INDIAN HISTORY",
    "dc.description.abstract": "Textbook in History for Class XII",
    "dcterm.educationlevel": "XII",
    "dc.identifier.isbn": "8174507701",
    "dc.date.copyright": "2007",
    "dc.contributor.editor": "Uppal,Shveta||Vijayam,Vijayam",
    "dc.contributor.illustrator": "Creations,Art",
    "dc.date.created": "   Fri Feb 17 16:04:28 2017 DST",
    "dc.date.publication": {
        "dc.date.firstPublication": "July",
        "dc.date.reprint": [
            "FebruaryMagha 1929",
            "JanuaryPausa 1930",
            "JanuaryMagha 1931",
            "NovemberKartika 1932",
            "MarchPhalguna 1934",
            "NovemberKartika 1935",
            "DecemberPausa 1936",
            "JanuaryPausa 1937",
            "FebruaryMagha 1938"
        ]
    },
    "dc.format.extent": {
        "PageCount": "12",
        "size_in_Bytes": "6910396 byt"
    },
    "dc.description.toc": {
        "PARTI: .1 ION": "405",
        ".2 Politics, Memories, Experiences": "405",
        ".3 THEME FIFTEEN FRAMING THE CONSTITUTION": "405",
        ".4 The Beginning of a New Era": "405"
    },
    "dc.subject.ddc": {
        "level1": {
            "800": "Literature",
            "900": "History &amp; geography"
        },
        "level2": {
            "820": "English &amp; Old English literatures",
            "830": "German &amp; related literatures",
            "810": "American literature in English",
            "800": "Literature, rhetoric &amp; criticism"
        },
        "level3": {}
    },
    "dc.description.searchVisibility": "TRUE",
    "dc.format.mimetype": "application/pdf",
    "dc.type": "text",
    "dc.language": "eng",
    "dc.contributor.advisosr": "",
    "dc.contributor.author": "",
    "dc.identifier.uri": "",
    "dc.publisher.date": "",
    "dc.publisher.place": "",
    "dc.relation.referenences": "",
    "dc.relation.haspart[]": "",
    "dc.relation.ispartof": "",
    "dc.relation.ispartofseries": "",
    "dc.relation.requires[]": "PDFviewer Plugin",
    "dc.rights.accessrights": "Open",
    "dc.source.uri": "http://www.ncert.nic.in/",
    "dc.source": "NCERT",
    "dc.subject.prerequisitetopic[]": "",
    "dc.title.alternative": "",
    "lrmi.educationalAlignment.educationalFramework": "Central Board of Secondary Education (CBSE)",
    "lrmi.educationalAlignment.difficultyLevel[]": "medium",
    "lrmi.educationalAlignment.educationLevel": "high school",
    "lrmi.educationalRole[]": "student",
    "lrmi.educationalUse[]": "reading",
    "lrmi.interactivityType[]": "expositive",
    "lrmi.learningResourceType[]": "book",
    "lrmi.typicalAgeRange[]": "15-19"
}