{
    "dc.title": "Social Science India and the Contemporary World \u2013 II",
    "dc.description.abstract": "Textbook in History for Class X",
    "dcterm.educationlevel": "X",
    "dc.identifier.isbn": "8174507078",
    "dc.date.copyright": "2007",
    "dc.contributor.editor": "Uppal,Shveta",
    "dc.contributor.illustrator": "Patra,Shivraj||Shah,Parthiv",
    "dc.date.created": "   Fri Dec 23 21:01:38 2016 DST",
    "dc.date.publication": {
        "dc.date.firstPublication": "MarchChaitra 1928",
        "dc.date.reprint": [
            "JanuaryPausa 1929",
            "JanuaryMagha 1930",
            "JanuaryMagha 1931",
            "JanuaryMagha 1932",
            "JanuaryMagha 1933",
            "NovemberKartika 1934",
            "NovemberKartika 1935",
            "December",
            "FebruaryMagha 1937"
        ]
    },
    "dc.format.extent": {
        "PageCount": "11",
        "size_in_Bytes": "2282484 byt"
    },
    "dc.description.toc": {
        "Section I: .1 Events and Processes": "3",
        ".2 I. The Rise of Nationalism in Europe II. The Nationalist Movement in Indo-China ": "3",
        ".3 III. Nationalism in India ": "3",
        "Section II: .1 Livelihoods, Economies and Societies": "77",
        ".2 IV. The Making of a Global World V . The Age of Industrialisation ": "77",
        ".3 VI. Work, Life and Leisure ": "77",
        "Section III: .1 Everyday Life, Culture and Politics": "153",
        ".2 VII. Print Culture and the Modern World VIII. Novels, Society and History ": "153"
    },
    "dc.subject.ddc": {
        "level1": {
            "900": "History &amp; geography",
            "800": "Literature"
        },
        "level2": {
            "900": "History",
            "940": "History of Europe"
        },
        "level3": {}
    },
    "dc.description.searchVisibility": "TRUE",
    "dc.format.mimetype": "application/pdf",
    "dc.type": "text",
    "dc.language": "eng",
    "dc.contributor.advisosr": "",
    "dc.contributor.author": "",
    "dc.identifier.uri": "",
    "dc.publisher.date": "",
    "dc.publisher.place": "",
    "dc.relation.referenences": "",
    "dc.relation.haspart[]": "",
    "dc.relation.ispartof": "",
    "dc.relation.ispartofseries": "",
    "dc.relation.requires[]": "PDFviewer Plugin",
    "dc.rights.accessrights": "Open",
    "dc.source.uri": "http://www.ncert.nic.in/",
    "dc.source": "NCERT",
    "dc.subject.prerequisitetopic[]": "",
    "dc.title.alternative": "",
    "lrmi.educationalAlignment.educationalFramework": "Central Board of Secondary Education (CBSE)",
    "lrmi.educationalAlignment.difficultyLevel[]": "medium",
    "lrmi.educationalAlignment.educationLevel": "high school",
    "lrmi.educationalRole[]": "student",
    "lrmi.educationalUse[]": "reading",
    "lrmi.interactivityType[]": "expositive",
    "lrmi.learningResourceType[]": "book",
    "lrmi.typicalAgeRange[]": "13-17"
}