{
    "dc.title": "",
    "dc.description.abstract": "",
    "dcterm.educationlevel": "",
    "dc.identifier.isbn": "",
    "dc.date.copyright": "",
    "dc.contributor.editor": "",
    "dc.contributor.illustrator": "",
    "dc.date.created": "   ",
    "dc.date.publication": {
        "dc.date.firstPublication": "",
        "dc.date.reprint": ""
    },
    "dc.format.extent": {
        "PageCount": "8",
        "size_in_Bytes": "16722133 byt"
    },
    "dc.description.toc": {},
    "dc.subject.ddc": {
        "level1": {},
        "level2": {},
        "level3": {}
    },
    "dc.description.searchVisibility": "TRUE",
    "dc.format.mimetype": "application/pdf",
    "dc.type": "text",
    "dc.language": "eng",
    "dc.contributor.advisosr": "",
    "dc.contributor.author": "",
    "dc.identifier.uri": "",
    "dc.publisher.date": "",
    "dc.publisher.place": "",
    "dc.relation.referenences": "",
    "dc.relation.haspart[]": "",
    "dc.relation.ispartof": "",
    "dc.relation.ispartofseries": "",
    "dc.relation.requires[]": "PDFviewer Plugin",
    "dc.rights.accessrights": "Open",
    "dc.source.uri": "http://www.ncert.nic.in/",
    "dc.source": "NCERT",
    "dc.subject.prerequisitetopic[]": "",
    "dc.title.alternative": "",
    "lrmi.educationalAlignment.educationalFramework": "Central Board of Secondary Education (CBSE)",
    "lrmi.educationalAlignment.difficultyLevel[]": "",
    "lrmi.educationalAlignment.educationLevel": "",
    "lrmi.educationalRole[]": "student",
    "lrmi.educationalUse[]": "reading",
    "lrmi.interactivityType[]": "expositive",
    "lrmi.learningResourceType[]": "book",
    "lrmi.typicalAgeRange[]": ""
}