{
    "dc.title": "FUNDAMENTALS OF HUMAN GEOGRAPHY",
    "dc.description.abstract": "Textbook for Class XII",
    "dcterm.educationlevel": "XII",
    "dc.identifier.isbn": "8174506624",
    "dc.date.copyright": "2007",
    "dc.contributor.editor": "Uppal,Shveta||Bhardwaj,R.N.",
    "dc.contributor.illustrator": "Gill,Joel||Sharma,Anil||Sinha,Varuni",
    "dc.date.created": "   Thu Feb 16 16:01:09 2017 DST",
    "dc.date.publication": {
        "dc.date.firstPublication": "FebruaryMagha 1928",
        "dc.date.reprint": [
            "DecemberPausa 1929",
            "DecemberPausa 1930",
            "JanuaryMagha 1931",
            "JanuaryMagha 1932",
            "MarchPhalguna 1933",
            "MarchPhalguna 1934",
            "JanuaryMagha 1935",
            "DecemberPausa 1936",
            "December",
            "FebruaryMagha 1938"
        ]
    },
    "dc.format.extent": {
        "PageCount": "8",
        "size_in_Bytes": "911620 byt"
    },
    "dc.description.toc": {
        "1.: 1.1 Human Geography": "1",
        "1.2 Nature and Scope UNIT II -": "1",
        "2.: 2.1 The World Population": "8",
        "2.2 Distribution, Density and Growth": "8",
        "3.: Population Composition ": "17",
        "4.: Human Development UNIT III -": "22",
        "5.: Primary Activities ": "31",
        "6.: Secondary Activities ": "45",
        "7.: Tertiary and Quaternary Activities ": "55",
        "8.: Transport and Communication ": "65",
        "9.: International Trade UNIT IV -": "81",
        "10.: 10.1 Human Settlements APPENDIX I ": "90",
        "10.2 APPENDIX II ": "90",
        "10.3 GLOSSARY ": "90"
    },
    "dc.subject.ddc": {
        "level1": {
            "900": "History &amp; geography",
            "600": "Technology"
        },
        "level2": {
            "910": "Geography &amp; travel",
            "940": "History of Europe"
        },
        "level3": {}
    },
    "dc.description.searchVisibility": "TRUE",
    "dc.format.mimetype": "application/pdf",
    "dc.type": "text",
    "dc.language": "eng",
    "dc.contributor.advisosr": "",
    "dc.contributor.author": "",
    "dc.identifier.uri": "",
    "dc.publisher.date": "",
    "dc.publisher.place": "",
    "dc.relation.referenences": "",
    "dc.relation.haspart[]": "",
    "dc.relation.ispartof": "",
    "dc.relation.ispartofseries": "",
    "dc.relation.requires[]": "PDFviewer Plugin",
    "dc.rights.accessrights": "Open",
    "dc.source.uri": "http://www.ncert.nic.in/",
    "dc.source": "NCERT",
    "dc.subject.prerequisitetopic[]": "",
    "dc.title.alternative": "",
    "lrmi.educationalAlignment.educationalFramework": "Central Board of Secondary Education (CBSE)",
    "lrmi.educationalAlignment.difficultyLevel[]": "medium",
    "lrmi.educationalAlignment.educationLevel": "high school",
    "lrmi.educationalRole[]": "student",
    "lrmi.educationalUse[]": "reading",
    "lrmi.interactivityType[]": "expositive",
    "lrmi.learningResourceType[]": "book",
    "lrmi.typicalAgeRange[]": "15-19"
}