{
    "dc.title": ":Book 2",
    "dc.description.abstract": [
        "Textbook in English for Class II",
        "(Special Series)"
    ],
    "dcterm.educationlevel": "II",
    "dc.identifier.isbn": "9789350071663",
    "dc.date.copyright": "2011",
    "dc.contributor.editor": "Uppal,Shveta||Kumar,Hemant",
    "dc.contributor.illustrator": "Jabin,Seema",
    "dc.date.created": "   ",
    "dc.date.publication": {
        "dc.date.firstPublication": "AprilVaishakha 1933",
        "dc.date.reprint": ""
    },
    "dc.format.extent": {
        "PageCount": "10",
        "size_in_Bytes": "11119722 byt"
    },
    "dc.description.toc": {
        "1.: ACTION SONG (POEM) ": "1",
        "2.: OUR DAY ": "3",
        "3.: MY FAMILY ": "8",
        "4.: WHATS GOING ON? ": "13",
        "5.: MOHAN, THE POTTER ": "18",
        "6.: RAIN IN SUMMER (POEM) ": "22",
        "7.: MY VILLAGE ": "24",
        "8.: THE WORK PEOPLE DO ": "32",
        "9.: WORK (POEM) ": "38",
        "10.: OUR NATIONAL SYMBOLS ": "40",
        "11.: THE FESTIVALS OF INDIA ": "43",
        "12.: THE MONKEY AND THE ELEPHANT": "50",
        "13.: GOING TO THE  FAIR ": "54",
        "14.: COLOURS (POEM) ": "57",
        "15.: SIKKIM Let's Practise ": "61"
    },
    "dc.subject.ddc": {
        "level1": {
            "800": "Literature",
            "300": "Social sciences"
        },
        "level2": {
            "830": "German &amp; related literatures",
            "810": "American literature in English",
            "820": "English &amp; Old English literatures"
        },
        "level3": {}
    },
    "dc.description.searchVisibility": "TRUE",
    "dc.format.mimetype": "application/pdf",
    "dc.type": "text",
    "dc.language": "eng",
    "dc.contributor.advisosr": "",
    "dc.contributor.author": "",
    "dc.identifier.uri": "",
    "dc.publisher.date": "",
    "dc.publisher.place": "",
    "dc.relation.referenences": "",
    "dc.relation.haspart[]": "",
    "dc.relation.ispartof": "",
    "dc.relation.ispartofseries": "",
    "dc.relation.requires[]": "PDFviewer Plugin",
    "dc.rights.accessrights": "Open",
    "dc.source.uri": "http://www.ncert.nic.in/",
    "dc.source": "NCERT",
    "dc.subject.prerequisitetopic[]": "",
    "dc.title.alternative": "",
    "lrmi.educationalAlignment.educationalFramework": "Central Board of Secondary Education (CBSE)",
    "lrmi.educationalAlignment.difficultyLevel[]": "",
    "lrmi.educationalAlignment.educationLevel": "",
    "lrmi.educationalRole[]": "student",
    "lrmi.educationalUse[]": "reading",
    "lrmi.interactivityType[]": "expositive",
    "lrmi.learningResourceType[]": "book",
    "lrmi.typicalAgeRange[]": "5-9"
}