{
    "dc.title": "Accountancy Financial Accounting Part II",
    "dc.description.abstract": "Textbook for Class XI",
    "dcterm.educationlevel": "XI",
    "dc.identifier.isbn": "8174505326",
    "dc.date.copyright": "2006",
    "dc.contributor.editor": "Uppal,Shveta||Ram,Gobind",
    "dc.contributor.illustrator": "Rao,Shweta",
    "dc.date.created": "   Thu Dec 15 22:08:47 2016 DST",
    "dc.date.publication": {
        "dc.date.firstPublication": "FebruaryPhalguna 1927",
        "dc.date.reprint": [
            "OctoberKartika 1928",
            "OctoberKartika 1929",
            "MarchPhalguna 1930",
            "JanuaryMagha 1931",
            "JanuaryMagha 1932",
            "JanuaryMagha 1933",
            "MarchPhalguna 1934",
            "DecemberAgrahayana 1935",
            "MarchPhalguna 1936",
            "DecemberPausa 1937",
            "OctoberKartika 1938"
        ]
    },
    "dc.format.extent": {
        "PageCount": "12",
        "size_in_Bytes": "234765 byt"
    },
    "dc.description.toc": {
        "CHAPTER 1: INTRODUCTION TO ACCOUNTING ": "1",
        "CHAPTER 2: THEORY BASE OF ACCOUNTING ": "22",
        "CHAPTER 3: RECORDING OF TRANSACTIONS - I ": "41",
        "CHAPTER 4: RECORDING OF TRANSACTIONS - II ": "91",
        "CHAPTER 5: BANK RECONCILIATION STATEMENT ": "150",
        "CHAPTER 6: TRIAL BALANCE AND RECTIFICATION OF ERRORS ": "181",
        "CHAPTER 7: DEPRECIATION, PROVISIONS AND RESERVES ": "227",
        "CHAPTER 8: BILL OF EXCHANGE ": "279"
    },
    "dc.subject.ddc": {
        "level1": {
            "700": "Arts &amp; recreation",
            "500": "Science"
        },
        "level2": {
            "710": "Landscaping &amp; area planning",
            "780": "Music",
            "790": "Sports, games &amp; entertainment"
        },
        "level3": {}
    },
    "dc.description.searchVisibility": "TRUE",
    "dc.format.mimetype": "application/pdf",
    "dc.type": "text",
    "dc.language": "eng",
    "dc.contributor.advisosr": "",
    "dc.contributor.author": "",
    "dc.identifier.uri": "",
    "dc.publisher.date": "",
    "dc.publisher.place": "",
    "dc.relation.referenences": "",
    "dc.relation.haspart[]": "",
    "dc.relation.ispartof": "",
    "dc.relation.ispartofseries": "",
    "dc.relation.requires[]": "PDFviewer Plugin",
    "dc.rights.accessrights": "Open",
    "dc.source.uri": "http://www.ncert.nic.in/",
    "dc.source": "NCERT",
    "dc.subject.prerequisitetopic[]": "",
    "dc.title.alternative": "",
    "lrmi.educationalAlignment.educationalFramework": "Central Board of Secondary Education (CBSE)",
    "lrmi.educationalAlignment.difficultyLevel[]": "medium",
    "lrmi.educationalAlignment.educationLevel": "high school",
    "lrmi.educationalRole[]": "student",
    "lrmi.educationalUse[]": "reading",
    "lrmi.interactivityType[]": "expositive",
    "lrmi.learningResourceType[]": "book",
    "lrmi.typicalAgeRange[]": "14-18"
}