{
    "dc.title": "Human Ecology and  Family Sciences",
    "dc.description.abstract": "",
    "dcterm.educationlevel": "",
    "dc.identifier.isbn": "9788174509727",
    "dc.date.copyright": "2009",
    "dc.contributor.editor": "Uppal,Shveta",
    "dc.contributor.illustrator": "Jabin,Seema||Rao,Shweta",
    "dc.date.created": "   Thu Jul 24 11:14:26 2014 DST",
    "dc.date.publication": {
        "dc.date.firstPublication": "July",
        "dc.date.reprint": ""
    },
    "dc.format.extent": {
        "PageCount": "16",
        "size_in_Bytes": "300417 byt"
    },
    "dc.description.toc": {
        "Unit I: .1 UNDERSTANDING ONESELF  ADOLESCENCE": "5",
        ".2 Chapter    Understanding the Self": "5",
        ".3   A.  What makes me \u2018I'    ": "5",
        ".4   B.  Development and Characteristics of the Self  ": "5",
        ".5   C.  Influences on Identity ": "5",
        ".6     How do we Develop a Sense of Self?  ": "5",
        ".7 Chapter    Food, Nutrition, Health and Fitness  ": "5",
        ".8 Chapter    Management of Resources   xv": "5",
        ".9 Chapter   Fabrics Around Us  ": "5",
        ".10 Chapter    Media and Communication Technology  ": "5",
        ".11 Chapter   Effective Communication Skills  ": "5",
        ".12 Chapter   Living and Working in a Global Society   ": "5",
        "Unit II: .1 UNDERSTANDING FAMILY, COMMUNITY AND SOCIETY  Chapter    Relationships and Interactions with \u2018Significant Others'": "105",
        ".2   A.  Family  ": "105",
        ".3   B.  School: Peers and Educators  ": "105",
        ".4   C.  Community and Society  ": "105",
        ".5 Chapter    Concerns and Needs in Diverse Contexts  ": "105",
        ".6   A.  Nutrition, Health and Hygiene   ": "105",
        ".7   B.  Work, Worker and Workplace  ": "105",
        ".8   C.  Resource Availability and Management  ": "105",
        ".9   D.  Learning, Education and Extension  ": "105",
        ".10   E.  Textile Traditions in India  ": "105",
        ".11  References  ": "105"
    },
    "dc.subject.ddc": {
        "level1": {
            "200": "Religion",
            "300": "Social sciences",
            "700": "Arts &amp; recreation"
        },
        "level2": {
            "290": "Other religions",
            "200": "Religion"
        },
        "level3": {}
    },
    "dc.description.searchVisibility": "TRUE",
    "dc.format.mimetype": "application/pdf",
    "dc.type": "text",
    "dc.language": "eng",
    "dc.contributor.advisosr": "",
    "dc.contributor.author": "",
    "dc.identifier.uri": "",
    "dc.publisher.date": "",
    "dc.publisher.place": "",
    "dc.relation.referenences": "",
    "dc.relation.haspart[]": "",
    "dc.relation.ispartof": "",
    "dc.relation.ispartofseries": "",
    "dc.relation.requires[]": "PDFviewer Plugin",
    "dc.rights.accessrights": "Open",
    "dc.source.uri": "http://www.ncert.nic.in/",
    "dc.source": "NCERT",
    "dc.subject.prerequisitetopic[]": "",
    "dc.title.alternative": "",
    "lrmi.educationalAlignment.educationalFramework": "Central Board of Secondary Education (CBSE)",
    "lrmi.educationalAlignment.difficultyLevel[]": "",
    "lrmi.educationalAlignment.educationLevel": "",
    "lrmi.educationalRole[]": "student",
    "lrmi.educationalUse[]": "reading",
    "lrmi.interactivityType[]": "expositive",
    "lrmi.learningResourceType[]": "book",
    "lrmi.typicalAgeRange[]": ""
}