{
    "dc.title": "Looking Around ENVIRONMENTAL STUDIES",
    "dc.description.abstract": "TEXTBOOK FOR CLASS III",
    "dcterm.educationlevel": "III",
    "dc.identifier.isbn": "8174504907",
    "dc.date.copyright": "2006",
    "dc.contributor.editor": "Uppal,Shveta",
    "dc.contributor.illustrator": "Verma,Anita",
    "dc.date.created": "   Sat May 30 11:47:55 2015 DST",
    "dc.date.publication": {
        "dc.date.firstPublication": "FebruaryPhalguna 1927",
        "dc.date.reprint": [
            "NovemberAgrahayana 1928",
            "NovemberAgrahayana 1929",
            "JanuaryMagha 1930",
            "JanuaryMagha 1931",
            "JanuaryMagha 1932",
            "JanuaryMagha 1933",
            "MarchPhalguna 1934",
            "FebruaryMagha 1935",
            "DecemberPausa 1936"
        ]
    },
    "dc.format.extent": {
        "PageCount": "15",
        "size_in_Bytes": "2519592 byt"
    },
    "dc.description.toc": {
        "1.: Poonam's Day out ": "1",
        "2.: The Plant Fairy ": "10",
        "3.: Water O' Water ! ": "19",
        "4.: Our First School ": "25",
        "5.: Chhotu's House  ": "30",
        "6.: Foods We Eat  ": "36",
        "7.: Saying without Speaking ": "43",
        "8.: Flying High ": "50",
        "9.: It's Raining ": "57",
        "10.: What is Cooking ": "61",
        "11.: From Here to There ": "66",
        "12.: Work We Do ": "78",
        "13.: 13.1 Sharing Our Feelings  Matc": "87",
        "13.2 Matchbox hbox": "87",
        "13.3 Matchbox   ": "87",
        "13.4 ( x i i i )": "87",
        "14.: The Story of Food  ": "92",
        "15.: Making Pots  ": "96",
        "16.: Games We Play  ": "101",
        "17.: Here comes a Letter ": "109",
        "18.: A House Like This ": "116",
        "19.: Our Friends \u2014 Animals ": "124",
        "20.: Drop by Drop ": "132",
        "21.: Families can be Different ": "137",
        "22.: Left'Right ": "144",
        "23.: A Beautiful Cloth ": "154",
        "24.: Web of Life ( x i v )": "156"
    },
    "dc.subject.ddc": {
        "level1": {
            "700": "Arts &amp; recreation",
            "500": "Science",
            "800": "Literature"
        },
        "level2": {
            "700": "Arts",
            "790": "Sports, games &amp; entertainment",
            "720": "Architecture"
        },
        "level3": {}
    },
    "dc.description.searchVisibility": "TRUE",
    "dc.format.mimetype": "application/pdf",
    "dc.type": "text",
    "dc.language": "eng",
    "dc.contributor.advisosr": "",
    "dc.contributor.author": "",
    "dc.identifier.uri": "",
    "dc.publisher.date": "",
    "dc.publisher.place": "",
    "dc.relation.referenences": "",
    "dc.relation.haspart[]": "",
    "dc.relation.ispartof": "",
    "dc.relation.ispartofseries": "",
    "dc.relation.requires[]": "PDFviewer Plugin",
    "dc.rights.accessrights": "Open",
    "dc.source.uri": "http://www.ncert.nic.in/",
    "dc.source": "NCERT",
    "dc.subject.prerequisitetopic[]": "",
    "dc.title.alternative": "",
    "lrmi.educationalAlignment.educationalFramework": "Central Board of Secondary Education (CBSE)",
    "lrmi.educationalAlignment.difficultyLevel[]": "",
    "lrmi.educationalAlignment.educationLevel": "",
    "lrmi.educationalRole[]": "student",
    "lrmi.educationalUse[]": "reading",
    "lrmi.interactivityType[]": "expositive",
    "lrmi.learningResourceType[]": "book",
    "lrmi.typicalAgeRange[]": "6-10"
}