{
    "dc.title": "Accountancy Not-for-Profit Organisation and Partnership Accounts",
    "dc.description.abstract": "Textbook for Class XII",
    "dcterm.educationlevel": "XII",
    "dc.identifier.isbn": "8174506403",
    "dc.date.copyright": "2007",
    "dc.contributor.editor": "Uppal,Shveta||Ram,Gobind",
    "dc.contributor.illustrator": "Rao,Shweta",
    "dc.date.created": "   Thu Feb 16 22:13:42 2017 DST",
    "dc.date.publication": {
        "dc.date.firstPublication": "JanuaryPausa 1928",
        "dc.date.reprint": [
            "OctoberKartika 1929",
            "FebruaryMagha 1930",
            "JanuaryMagha 1931",
            "JanuaryMagha 1932",
            "FebruaryMagha 1933",
            "DecemberPausa 1935",
            "AprilChaitra 1937",
            "DecemberPausa 1937",
            "FebruaryMagha 1938"
        ]
    },
    "dc.format.extent": {
        "PageCount": "8",
        "size_in_Bytes": "145830 byt"
    },
    "dc.description.toc": {
        "Chapter 1: 1.1 Accounting for Not-for-Profit Organisation . Meaning and Characteristics of Not-for-Profit ": "1",
        "1.2 Organisation": "1",
        "1.3 . Accounting Records of Not-for-Profit Organisations ": "1",
        "1.4 . Receipt and Payment Account ": "1",
        "1.5 . Income and Expenditure Account ": "1",
        "1.6 . Balance Sheet ": "1",
        "1.7 . Some Peculiar Items . Income and Expenditure Account based on Trial Balance ": "1",
        "1.8 . Incidental Trading Activity ": "1",
        "Chapter 2: 2.1 Accounting for Partnership : Basic Concepts . Nature of Partnership . Partnership Deed ": "64",
        "2.2 . Special Aspects of Partnership Accounts ": "64",
        "2.3 . Maintenance of Capital Accounts of Partners ": "64",
        "2.4 . Distribution of Profit among Partners ": "64",
        "2.5 . Guarantee of Profit to a Partner ": "64",
        "2.6 . Past Adjustments ": "64",
        "2.7 . Final Accounts ": "64",
        "Chapter 3: 3.1 Reconstitution of a Partnership Firm ' Admission of a Partner": "115",
        "3.2 . Modes of Reconstitution of a Partnership Firm . Admission of a New Partner ": "115",
        "3.3 . New Profit Sharing Ratio ": "115",
        "3.4 . Sacrificing Ratio ": "115",
        "3.5 . Goodwill ": "115",
        "3.6 . Adjustment for Accumulated Profits and Losses ": "115",
        "3.7 . Revaluation of Assets and Reassessment of Liabilities ": "115",
        "3.8 . Adjustment of Capitals ": "115",
        "3.9 . Change in Profit Sharing Ratio among the ": "115",
        "3.10 Existing Partners": "115",
        "3.11 ": "115",
        "3.12 viii": "115",
        "Chapter 4: 4.1 Reconstitution of a Partnership Firm ' Retirement/Death of a Partner": "176",
        "4.2 . Ascertaining the Amount Due to Retiring/Deceased Partner": "176",
        "4.3 . New Profit Sharing Ratio ": "176",
        "4.4 . Gaining Ratio ": "176",
        "4.5 . Treatment of Goodwill ": "176",
        "4.6 . Adjustment for Revaluation of Assets and Liabilities ": "176",
        "4.7 . Adjustment of Accumulated Profits and Losses ": "176",
        "4.8 . Disposal of Amount Due to Retiring Partner ": "176",
        "4.9 . Adjustment of Partner's Capital ": "176",
        "4.10 . Death of a Partner ": "176",
        "Chapter 5: 5.1 Dissolution of Partnership Firm . Dissolution of Partnership . Dissolution of a Firm ": "226",
        "5.2 . Settlement of Accounts ": "226",
        "5.3 . Accounting Treatment ": "226"
    },
    "dc.subject.ddc": {
        "level1": {
            "300": "Social sciences"
        },
        "level2": {
            "360": "Social problems &amp; social services"
        },
        "level3": {}
    },
    "dc.description.searchVisibility": "TRUE",
    "dc.format.mimetype": "application/pdf",
    "dc.type": "text",
    "dc.language": "eng",
    "dc.contributor.advisosr": "",
    "dc.contributor.author": "",
    "dc.identifier.uri": "",
    "dc.publisher.date": "",
    "dc.publisher.place": "",
    "dc.relation.referenences": "",
    "dc.relation.haspart[]": "",
    "dc.relation.ispartof": "",
    "dc.relation.ispartofseries": "",
    "dc.relation.requires[]": "PDFviewer Plugin",
    "dc.rights.accessrights": "Open",
    "dc.source.uri": "http://www.ncert.nic.in/",
    "dc.source": "NCERT",
    "dc.subject.prerequisitetopic[]": "",
    "dc.title.alternative": "",
    "lrmi.educationalAlignment.educationalFramework": "Central Board of Secondary Education (CBSE)",
    "lrmi.educationalAlignment.difficultyLevel[]": "medium",
    "lrmi.educationalAlignment.educationLevel": "high school",
    "lrmi.educationalRole[]": "student",
    "lrmi.educationalUse[]": "reading",
    "lrmi.interactivityType[]": "expositive",
    "lrmi.learningResourceType[]": "book",
    "lrmi.typicalAgeRange[]": "15-19"
}