{
    "dc.title": "PART II",
    "dc.description.abstract": "TEXTBOOK FOR CLASS XI",
    "dcterm.educationlevel": "XI",
    "dc.identifier.isbn": "8174505660",
    "dc.date.copyright": "2006",
    "dc.contributor.editor": "Uppal,Shveta||Bhardwaj,R.N.",
    "dc.contributor.illustrator": "Rao,Shweta",
    "dc.date.created": "   Thu Mar  2 16:48:47 2017 DST",
    "dc.date.publication": {
        "dc.date.firstPublication": "AprilChaitra 1928",
        "dc.date.reprint": [
            "OctoberKartika 1928",
            "FebruaryMagha 1929",
            "JanuaryMagha 1930",
            "JanuaryMagha 1931",
            "JanuaryMagha 1932",
            "JanuaryMagha 1933",
            "JanuaryMagha 1935",
            "JanuaryMagha 1936",
            "MayVaishakha 1938",
            "FebruaryPhalguna  1938"
        ]
    },
    "dc.format.extent": {
        "PageCount": "14",
        "size_in_Bytes": "240974 byt"
    },
    "dc.description.toc": {
        "C H A P T E R  1: PHYSICAL WORLD ": "1",
        "C H A P T E R  2: UNITS AND MEASUREMENTS ": "16",
        "C H A P T E R  3: MOTION IN A STRAIGHT LINE ": "39",
        "C H A P T E R  4: MOTION IN A PLANE ": "65",
        "C H A P T E R  5: LAWS OF MOTION ": "89",
        "C H A P T E R  6: WORK, ENERGY AND POWER ": "114",
        "C H A P T E R  7: SYSTEM OF PARTICLES AND ROTATIONAL MOTION ": "141",
        "C H A P T E R  8: 8.1 GRAVITATION APPENDICES ": "183",
        "8.2 ANSWERS ": "183",
        "8.3 ": "183",
        "8.4 FOREWORD iii": "183",
        "8.5 PREFACE vii": "183",
        "8.6 A NOTE FOR THE TEACHERS x": "183",
        "C  H  A  P  T  E  R      9: 9.1 MECHANICAL PROPERTIES OF SOLIDS": "9",
        "9.2 . Introduction ": "9",
        "9.3 . Elastic behaviour of solids ": "9",
        "9.4 . Stress and strain ": "9",
        "9.5 . Hooke's law ": "9",
        "9.6 . Stress-strain curve ": "9",
        "9.7 . Elastic moduli ": "9",
        "9.8 . Applications of elastic behaviour of materials ": "9",
        "C  H  A  P  T  E  R      10: 10.1 MECHANICAL PROPERTIES OF FLUIDS": "10",
        "10.2 . Introduction ": "10",
        "10.3 . Pressure ": "10",
        "10.4 . Streamline flow ": "10",
        "10.5 . Bernoulli's principle ": "10",
        "10.6 . Viscosity ": "10",
        "10.7 . Reynolds number ": "10",
        "10.8 . Surface tension ": "10",
        "C  H  A  P  T  E  R     11: 11.1 THERMAL PROPERTIES OF MATTER": "11",
        "11.2 . Introduction ": "11",
        "11.3 . Temperature and heat ": "11",
        "11.4 . Measurement of temperature ": "11",
        "11.5 . Ideal-gas equation and absolute temperature ": "11",
        "11.6 . Thermal expansion ": "11",
        "11.7 . Specific heat capacity ": "11",
        "11.8 . Calorimetry ": "11",
        "11.9 . Change of state ": "11",
        "11.10 . Heat transfer ": "11",
        "11.11 . Newton's law of cooling ": "11",
        "C  H  A  P  T  E  R      12: 12.1  xii": "12",
        "12.2 . Zeroth law of thermodynamics ": "12",
        "12.3 . Heat, internal energy and work ": "12",
        "12.4 . First law of thermodynamics ": "12",
        "12.5 . Specific heat capacity ": "12",
        "12.6 . Thermodynamic state variables and equation of state ": "12",
        "12.7 . Thermodynamic processes ": "12",
        "12.8 . Heat engines ": "12",
        "12.9 . Refrigerators and heat pumps ": "12",
        "12.10 . Second law of thermodynamics ": "12",
        "12.11 . Reversible and irreversible processes ": "12",
        "12.12 . Carnot engine ": "12",
        "C  H  A  P  T  E  R      13: 13.1 KINETIC THEORY": "13",
        "13.2 . Introduction ": "13",
        "13.3 . Molecular nature of matter ": "13",
        "13.4 . Behaviour of gases ": "13",
        "13.5 . Kinetic theory of an ideal gas ": "13",
        "13.6 . Law of equipartition of energy ": "13",
        "13.7 . Specific heat capacity ": "13",
        "13.8 . Mean free path ": "13",
        "C  H  A  P  T  E  R      14: 14.1 OSCILLATIONS": "14",
        "14.2 . Introduction ": "14",
        "14.3 . Periodic and oscilatory motions ": "14",
        "14.4 . Simple harmonic motion ": "14",
        "14.5 . Simple harmonic motion and uniform circular motion ": "14",
        "14.6 . Velocity and acceleration in simple harmonic motion ": "14",
        "14.7 . Force law for simple harmonic motion ": "14",
        "14.8 . Energy in simple harmonic motion ": "14",
        "14.9 . Some systems executing Simple Harmonic Motion ": "14",
        "14.10 . Damped simple harmonic motion ": "14",
        "14.11 . Forced oscillations and resonance ": "14",
        "C  H  A  P  T  E  R      15: 15.1 WAVES": "15",
        "15.2 . Introduction ": "15",
        "15.3 . Transverse and longitudinal waves ": "15",
        "15.4 . Displacement relation in a progressive wave ": "15"
    },
    "dc.subject.ddc": {
        "level1": {
            "600": "Technology",
            "500": "Science"
        },
        "level2": {
            "620": "Engineering"
        },
        "level3": {
            "621": "Applied physics"
        }
    },
    "dc.description.searchVisibility": "TRUE",
    "dc.format.mimetype": "application/pdf",
    "dc.type": "text",
    "dc.language": "eng",
    "dc.contributor.advisosr": "",
    "dc.contributor.author": "",
    "dc.identifier.uri": "",
    "dc.publisher.date": "",
    "dc.publisher.place": "",
    "dc.relation.referenences": "",
    "dc.relation.haspart[]": "",
    "dc.relation.ispartof": "",
    "dc.relation.ispartofseries": "",
    "dc.relation.requires[]": "PDFviewer Plugin",
    "dc.rights.accessrights": "Open",
    "dc.source.uri": "http://www.ncert.nic.in/",
    "dc.source": "NCERT",
    "dc.subject.prerequisitetopic[]": "",
    "dc.title.alternative": "",
    "lrmi.educationalAlignment.educationalFramework": "Central Board of Secondary Education (CBSE)",
    "lrmi.educationalAlignment.difficultyLevel[]": "medium",
    "lrmi.educationalAlignment.educationLevel": "high school",
    "lrmi.educationalRole[]": "student",
    "lrmi.educationalUse[]": "reading",
    "lrmi.interactivityType[]": "expositive",
    "lrmi.learningResourceType[]": "book",
    "lrmi.typicalAgeRange[]": "14-18"
}