{
    "dc.title": "MATHEMATICS",
    "dc.description.abstract": "Textbook for Class X",
    "dcterm.educationlevel": "X",
    "dc.identifier.isbn": "8174506349",
    "dc.date.copyright": "2006",
    "dc.contributor.editor": "Uppal,Shveta||Sutar,Bijnan",
    "dc.contributor.illustrator": "Chawla,Arvinder||Gill,Joel",
    "dc.date.created": "   Thu Dec 22 18:16:43 2016 DST",
    "dc.date.publication": {
        "dc.date.firstPublication": "DecemberPausa 1928",
        "dc.date.reprint": [
            "OctoberKartika 1929",
            "JanuaryPausa 1930",
            "DecemberAgrahayana 1931",
            "NovemberKartika 1932",
            "JanuaryPausa 1933",
            "NovemberKartika 1934",
            "NovemberKartika 1935",
            "NovemberAgrahayana 1936",
            "DecemberAgrahayana 1937",
            "DecemberPausa 1938"
        ]
    },
    "dc.format.extent": {
        "PageCount": "12",
        "size_in_Bytes": "173242 byt"
    },
    "dc.description.toc": {
        "1.: Real Numbers ": "1",
        "1.1: Introduction ": "1",
        "1.2: Euclid's Division Lemma ": "2",
        "1.3: The Fundamental Theorem of Arithmetic ": "7",
        "1.4: Revisiting Irrational Numbers ": "11",
        "1.5: Revisiting Rational Numbers and Their Decimal Expansions ": "15",
        "1.6: Summary ": "18",
        "2.: Polynomials ": "2 0",
        "2.1: Introduction ": "20",
        "2.2: Geometrical Meaning of the Zeroes of a Polynomial ": "21",
        "2.3: Relationship between Zeroes and Coefficients of a Polynomial ": "28",
        "2.4: Division Algorithm for Polynomials ": "33",
        "2.5: Summary ": "37",
        "3.: Pair of Linear Equations in Two Variables ": "3 8",
        "3.1: Introduction ": "38",
        "3.2: Pair of Linear Equations in Two Variables ": "39",
        "3.3: Graphical Method of Solution of a Pair of Linear Equations ": "44",
        "3.4: Algebraic Methods of Solving a Pair of Linear Equations ": "50",
        "3.4.1: Substitution Method ": "50",
        "3.4.2: Elimination Method ": "54",
        "3.4.3: Cross-Multiplication Method ": "57",
        "3.5: Equations Reducible to a Pair of Linear Equations in Two Variables ": "63",
        "3.6: Summary ": "69",
        "4.: Quadratic Equations ": "7 0",
        "4.1: Introduction ": "70",
        "4.2: Quadratic Equations ": "71",
        "4.3: Solution of a Quadratic Equation by Factorisation ": "74",
        "4.4: Solution of a Quadratic Equation by Completing the Square ": "76",
        "4.5: Nature of Roots ": "88",
        "4.6: Summary ": "91",
        "5.: Arithmetic Progressions ": "9 3",
        "5.1: Introduction ": "93",
        "5.2: Arithmetic Progressions ": "95",
        "5.3: nth Term of an AP ": "100",
        "5.4: Sum of First n Terms of an AP ": "107",
        "5.5: Summary ": "116",
        "6.: Triangles ": "117",
        "6.1: Introduction ": "117",
        "6.2: Similar Figures ": "118",
        "6.3: Similarity of Triangles ": "123",
        "6.4: Criteria for Similarity of Triangles ": "129",
        "6.5: Areas of Similar Triangles ": "141",
        "6.6: Pythagoras Theorem ": "144",
        "6.7: Summary ": "154",
        "7.: Coordinate Geometry ": "155",
        "7.1: Introduction ": "155",
        "7.2: Distance Formula ": "156",
        "7.3: Section Formula ": "162",
        "7.4: Area of a Triangle ": "168",
        "7.5: Summary ": "172",
        "8.: Introduction to Trigonometry ": "173",
        "8.1: Introduction ": "173",
        "8.2: Trigonometric Ratios ": "174",
        "8.3: Trigonometric Ratios of Some Specific Angles ": "181",
        "8.4: Trigonometric Ratios of Complementary Angles ": "187",
        "8.5: Trigonometric Identities ": "190",
        "8.6: Summary ": "194",
        "9.: Some Applications of Trigonometry ": "195",
        "9.1: Introduction ": "195",
        "9.2: Heights and Distances ": "196",
        "9.3: Summary ": "205",
        "10.: Circles ": "206",
        "10.1: Introduction ": "206",
        "10.2: Tangent to a Circle ": "207",
        "10.3: Number of Tangents from a Point on a Circle ": "209",
        "10.4: Summary ": "215",
        "11.: Constructions ": "216",
        "11.1: Introduction ": "216",
        "11.2: Division of a Line Segment ": "216",
        "11.3: Construction of Tangents to a Circle ": "220",
        "11.4: Summary ": "222",
        "12.: Areas Related to Circles ": "223",
        "12.1: Introduction ": "223",
        "12.2: Perimeter and Area of a Circle \u2014 A Review ": "224",
        "12.3: Areas of Sector and Segment of a Circle ": "226",
        "12.4: Areas of Combinations of Plane Figures ": "231",
        "12.5: Summary ": "238",
        "13.: Surface Areas and Volumes ": "239",
        "13.1: Introduction ": "239",
        "13.2: Surface Area of a Combination of Solids ": "240",
        "13.3: Volume of a Combination of Solids ": "245",
        "13.4: Conversion of Solid from One Shape to Another ": "248",
        "13.5: Frustum of a Cone ": "252",
        "13.6: Summary ": "258",
        "14.: Statistics ": "260",
        "14.1: Introduction ": "260",
        "14.2: Mean of Grouped Data ": "260",
        "14.3: Mode of Grouped Data ": "272"
    },
    "dc.subject.ddc": {
        "level1": {
            "500": "Science"
        },
        "level2": {
            "510": "Mathematics",
            "530": "Physics"
        },
        "level3": {
            "510": "Mathematics",
            "518": "Numerical analysis"
        }
    },
    "dc.description.searchVisibility": "TRUE",
    "dc.format.mimetype": "application/pdf",
    "dc.type": "text",
    "dc.language": "eng",
    "dc.contributor.advisosr": "",
    "dc.contributor.author": "",
    "dc.identifier.uri": "",
    "dc.publisher.date": "",
    "dc.publisher.place": "",
    "dc.relation.referenences": "",
    "dc.relation.haspart[]": "",
    "dc.relation.ispartof": "",
    "dc.relation.ispartofseries": "",
    "dc.relation.requires[]": "PDFviewer Plugin",
    "dc.rights.accessrights": "Open",
    "dc.source.uri": "http://www.ncert.nic.in/",
    "dc.source": "NCERT",
    "dc.subject.prerequisitetopic[]": "",
    "dc.title.alternative": "",
    "lrmi.educationalAlignment.educationalFramework": "Central Board of Secondary Education (CBSE)",
    "lrmi.educationalAlignment.difficultyLevel[]": "medium",
    "lrmi.educationalAlignment.educationLevel": "high school",
    "lrmi.educationalRole[]": "student",
    "lrmi.educationalUse[]": "reading",
    "lrmi.interactivityType[]": "expositive",
    "lrmi.learningResourceType[]": "book",
    "lrmi.typicalAgeRange[]": "13-17"
}