{
    "dc.title": "WOVEN WORDS",
    "dc.description.abstract": [
        "TEXTBOOK IN ENGLISH FOR CLASS XI",
        "(ELECTIVE COURSE)"
    ],
    "dcterm.educationlevel": "XI",
    "dc.identifier.isbn": "8174505148",
    "dc.date.copyright": "2006",
    "dc.contributor.editor": "Uppal,Shveta||Bhagat,M.G.",
    "dc.contributor.illustrator": "Gupta,Meha||Rao,Shweta",
    "dc.date.created": "   Thu Jul  9 21:05:47 2015 DST",
    "dc.date.publication": {
        "dc.date.firstPublication": "MarchPhalguna 1927",
        "dc.date.reprint": [
            "OctoberKartika 1928",
            "NovemberKartika 1929",
            "FebruaryMagha 1930",
            "DecemberPausa 1931",
            "JanuaryPausa 1932"
        ]
    },
    "dc.format.extent": {
        "PageCount": "10",
        "size_in_Bytes": "151154 byt"
    },
    "dc.description.toc": {
        "1.: The Lament Anton Chekhov": "2",
        "2.: A Pair of Mustachios Mulk Raj Anand": "10",
        "3.: The Rocking-horse Winner D.H.Lawrence": "19",
        "4.: The Adventure of the Three Garridebs Arthur Conan Doyle": "37",
        "5.: Pappachi's Moth Arundhati Roy": "56",
        "6.: The Third and Final Continent Jhumpa Lahiri": "62",
        "7.: Glory at Twilight Bhabani Bhattacharya": "85",
        "8.: 8.1 The Luncheon William Somerset Maugham": "99",
        "8.2 Poetry": "99",
        "8.3 Introduction   ": "99",
        "1.: The Peacock Sujata Bhatt": "107",
        "2.: Let me Not to the Marriage of True Minds William Shakespeare": "109",
        "3.: 3.1 Coming Philip Larkin": "111",
        "3.2 (Haiku) ": "111",
        "4.: 4.1 Telephone Conversation Wole Soyinka": "114",
        "4.2 ": "161",
        "5.: 5.1 The World is too Much With Us William Wordsworth": "117",
        "5.2 ": "174",
        "6.: 6.1 Mother Tongue Padma Sachdev": "119",
        "6.2 ": "182",
        "7.: 7.1 Hawk Roosting Ted Hughes": "121",
        "7.2 ": "121",
        "8.: 8.1 For Elkana Nissim Ezekiel": "124",
        "8.2 (The Limerick) ": "124",
        "8.3 ": "124",
        "9.: Refugee Blues W. H. Auden": "129",
        "10.: Felling of the Banyan Tree Dilip Chitre": "132",
        "11.: Ode to a Nightingale John Keats": "135",
        "12.: 12.1 Ajamil and the Tigers Arun Kolatkar": "140",
        "12.2 Essays": "140",
        "12.3 Introduction ": "140",
        "12.4 ": "140",
        "1.: 1.1 My Watch Mark Twain": "145",
        "1.2 ": "145",
        "2.: 2.1 My Three Passions Bertrand Russell": "150",
        "2.2 ": "150",
        "3.: 3.1 Patterns of Creativity S.Chandrasekhar": "153",
        "3.2 ": "153",
        "4.: 4.1 Tribal Verse G.N.Devy": "161",
        "5.: 5.1 What is a Good Book? John Ruskin": "174",
        "6.: 6.1 The Story E.M.Forster": "182",
        "7.: 7.1 Bridges Kumudini Lakhia": "188",
        "7.2 GLOSSARY ": "188"
    },
    "dc.subject.ddc": {
        "level1": {
            "800": "Literature"
        },
        "level2": {
            "820": "English &amp; Old English literatures",
            "810": "American literature in English",
            "830": "German &amp; related literatures"
        },
        "level3": {}
    },
    "dc.description.searchVisibility": "TRUE",
    "dc.format.mimetype": "application/pdf",
    "dc.type": "text",
    "dc.language": "eng",
    "dc.contributor.advisosr": "",
    "dc.contributor.author": "",
    "dc.identifier.uri": "",
    "dc.publisher.date": "",
    "dc.publisher.place": "",
    "dc.relation.referenences": "",
    "dc.relation.haspart[]": "",
    "dc.relation.ispartof": "",
    "dc.relation.ispartofseries": "",
    "dc.relation.requires[]": "PDFviewer Plugin",
    "dc.rights.accessrights": "Open",
    "dc.source.uri": "http://www.ncert.nic.in/",
    "dc.source": "NCERT",
    "dc.subject.prerequisitetopic[]": "",
    "dc.title.alternative": "",
    "lrmi.educationalAlignment.educationalFramework": "Central Board of Secondary Education (CBSE)",
    "lrmi.educationalAlignment.difficultyLevel[]": "medium",
    "lrmi.educationalAlignment.educationLevel": "high school",
    "lrmi.educationalRole[]": "student",
    "lrmi.educationalUse[]": "reading",
    "lrmi.interactivityType[]": "expositive",
    "lrmi.learningResourceType[]": "book",
    "lrmi.typicalAgeRange[]": "14-18"
}