{
    "dc.title": "",
    "dc.description.abstract": "Supplementary Reader in English for Class XII (Core Course)",
    "dcterm.educationlevel": "XII",
    "dc.identifier.isbn": "817450723X",
    "dc.date.copyright": "2007",
    "dc.contributor.editor": "Uppal,Shveta",
    "dc.contributor.illustrator": "Gill,Joel",
    "dc.date.created": "   Mon Jan  9 20:06:48 2017 DST",
    "dc.date.publication": {
        "dc.date.firstPublication": "AprilChaitra 1929",
        "dc.date.reprint": [
            "NovemberKartika 1929",
            "FebruaryPhalguna 1930",
            "DecemberPausa 1931",
            "FebruaryPhalguna 1932",
            "JanuaryMagha 1933",
            "NovemberKartika 1934",
            "OctoberAsvina 1935",
            "DecemberPausa 1936",
            "DecemberPausa 1937",
            "DecemberPausa 1938"
        ]
    },
    "dc.format.extent": {
        "PageCount": "12",
        "size_in_Bytes": "2814879 byt"
    },
    "dc.description.toc": {
        "1.: The Third Level Jack Finney ": "1",
        "2.: The Tiger King Kalki ": "8",
        "3.: Journey to the end of the Earth Tishani Doshi ": "18",
        "4.: The Enemy Pearl S. Buck ": "24",
        "5.: Should Wizard hit Mommy John Updike ": "48",
        "6.: On the face of It Susan Hill ": "56",
        "7.: Evans Tries an O-level Colin Dexter ": "70",
        "8.: 8.1 Memories of Childhood The Cutting of My Long Hair Zitkala-Sa": "93",
        "8.2  We Too are Human Beings Bama": "93"
    },
    "dc.subject.ddc": {
        "level1": {
            "800": "Literature",
            "200": "Religion"
        },
        "level2": {
            "830": "German &amp; related literatures",
            "820": "English &amp; Old English literatures",
            "800": "Literature, rhetoric &amp; criticism"
        },
        "level3": {}
    },
    "dc.description.searchVisibility": "TRUE",
    "dc.format.mimetype": "application/pdf",
    "dc.type": "text",
    "dc.language": "eng",
    "dc.contributor.advisosr": "",
    "dc.contributor.author": "",
    "dc.identifier.uri": "",
    "dc.publisher.date": "",
    "dc.publisher.place": "",
    "dc.relation.referenences": "",
    "dc.relation.haspart[]": "",
    "dc.relation.ispartof": "",
    "dc.relation.ispartofseries": "",
    "dc.relation.requires[]": "PDFviewer Plugin",
    "dc.rights.accessrights": "Open",
    "dc.source.uri": "http://www.ncert.nic.in/",
    "dc.source": "NCERT",
    "dc.subject.prerequisitetopic[]": "",
    "dc.title.alternative": "",
    "lrmi.educationalAlignment.educationalFramework": "Central Board of Secondary Education (CBSE)",
    "lrmi.educationalAlignment.difficultyLevel[]": "medium",
    "lrmi.educationalAlignment.educationLevel": "high school",
    "lrmi.educationalRole[]": "student",
    "lrmi.educationalUse[]": "reading",
    "lrmi.interactivityType[]": "expositive",
    "lrmi.learningResourceType[]": "book",
    "lrmi.typicalAgeRange[]": "15-19"
}