{
    "dc.title": "Accountancy Financial Accounting Part I",
    "dc.description.abstract": "Textbook for Class XI",
    "dcterm.educationlevel": "XI",
    "dc.identifier.isbn": "8174505075",
    "dc.date.copyright": "2006",
    "dc.contributor.editor": "Uppal,Shveta||Ram,Gobind",
    "dc.contributor.illustrator": "Rao,Shweta",
    "dc.date.created": "   Wed Mar  8 17:39:53 2017 DST",
    "dc.date.publication": {
        "dc.date.firstPublication": "FebruaryPhalguna 1927",
        "dc.date.reprint": [
            "OctoberKartika 1928",
            "OctoberKartika 1929",
            "JanuaryMagha 1930",
            "JanuaryMagha 1931",
            "JanuaryMagha 1932",
            "JuneJyaistha 1934",
            "AprilChaitra 1935",
            "DecemberAgrahayana 1935",
            "AprilChaitra 1937",
            "DecemberPausa 1937",
            "MarchPhalguna 1938"
        ]
    },
    "dc.format.extent": {
        "PageCount": "10",
        "size_in_Bytes": "1161410 byt"
    },
    "dc.description.toc": {
        "Chapter 1: 1.1 Introduction to Accounting . Meaning of Accounting ": "1",
        "1.2 . Accounting as a Source of Information ": "1",
        "1.3 . Objectives of Accounting ": "1",
        "1.4 . Role of Accounting ": "1",
        "1.5 . Basic Terms in Accounting ": "1",
        "Chapter 2: 2.1 Theory Base of Accounting . Generally Accepted Accounting Principles (GAAP) ": "22",
        "2.2 . Basic Accounting Concepts ": "22",
        "2.3 . Systems of Accounting ": "22",
        "2.4 . Basis of Accounting ": "22",
        "2.5 . Accounting Standards ": "22",
        "Chapter 3: 3.1 Recording of Transactions - I . Business Transactions and Source Document . Accounting Equation ": "41",
        "3.2 . Using Debit and Credit ": "41",
        "3.3 . Books of Original Entry ": "41",
        "3.4 . The Ledger ": "41",
        "3.5 . Posting from Journal ": "41",
        "Chapter 4: 4.1 Recording of Transactions - II . Cash Book ": "91",
        "4.2 . Purchases (Journal) Book ": "91",
        "4.3 . Purchases Return (Journal) Book ": "91",
        "4.4 . Sales (Journal) Book ": "91",
        "4.5 . Sales Return (Journal) Book ": "91",
        "4.6 . Journal Proper ": "91",
        "4.7 . Balancing the Accounts ": "91",
        "Chapter 5: 5.1 Bank Reconciliation Statement . Need for Reconciliation ": "150",
        "5.2 . Preparation of Bank Reconciliation Statement ": "150",
        "Chapter 6: 6.1 Trial Balance and Rectification of Errors . Meaning of Trial Balance . Objectives of Preparing the Trial Balance ": "181",
        "6.2 . Preparation of Trial Balance ": "181",
        "6.3 . Significance of Agreement of Trial Balance ": "181",
        "6.4 . Searching of Errors ": "181",
        "6.5 . Rectification of Errors ": "181",
        "Chapter 7: 7.1 Depreciation, Provisions and Reserves . Depreciation . Depreciation and other Similar Terms ": "227",
        "7.2 . Causes of Depreciation ": "227",
        "7.3 . Need for Depreciation ": "227",
        "7.4 . Factors Affecting the Amount of Depreciation ": "227",
        "7.5 . Methods of calculating Depreciation Amount ": "227",
        "7.6 . Straight Line Method and Written Down Method ": "227",
        "7.7 A Comparative Analysis": "227",
        "7.8 . Methods of Recording Depreciation ": "227",
        "7.9 . Disposal of Asset ": "227",
        "7.10 . Effect of any Addition or Extension to the ": "227",
        "7.11 Existing Asset": "227",
        "7.12 . Provisions ": "227",
        "7.13 . Reserves ": "227",
        "7.14 . Secret Reserve ": "227",
        "Chapter 8: 8.1 Bill of Exchange . Meaning of Bill of Exchange ": "279",
        "8.2 . Promissory Note ": "279",
        "8.3 . Advantages of Bill of Exchange ": "279",
        "8.4 . Maturity of Bill ": "279",
        "8.5 . Discounting of Bill ": "279",
        "8.6 . Endorsement of Bill ": "279",
        "8.7 . Accounting Treatment ": "279",
        "8.8 . Dishonour of a Bill ": "279",
        "8.9 . Renewal of the Bill ": "279",
        "8.10 . Retiring of the Bill ": "279",
        "8.11 . Bills Receivable and Bills Payable Books ": "279",
        "8.12 . Accommodation of Bills ": "279"
    },
    "dc.subject.ddc": {
        "level1": {
            "700": "Arts &amp; recreation"
        },
        "level2": {
            "710": "Landscaping &amp; area planning",
            "780": "Music"
        },
        "level3": {}
    },
    "dc.description.searchVisibility": "TRUE",
    "dc.format.mimetype": "application/pdf",
    "dc.type": "text",
    "dc.language": "eng",
    "dc.contributor.advisosr": "",
    "dc.contributor.author": "",
    "dc.identifier.uri": "",
    "dc.publisher.date": "",
    "dc.publisher.place": "",
    "dc.relation.referenences": "",
    "dc.relation.haspart[]": "",
    "dc.relation.ispartof": "",
    "dc.relation.ispartofseries": "",
    "dc.relation.requires[]": "PDFviewer Plugin",
    "dc.rights.accessrights": "Open",
    "dc.source.uri": "http://www.ncert.nic.in/",
    "dc.source": "NCERT",
    "dc.subject.prerequisitetopic[]": "",
    "dc.title.alternative": "",
    "lrmi.educationalAlignment.educationalFramework": "Central Board of Secondary Education (CBSE)",
    "lrmi.educationalAlignment.difficultyLevel[]": "medium",
    "lrmi.educationalAlignment.educationLevel": "high school",
    "lrmi.educationalRole[]": "student",
    "lrmi.educationalUse[]": "reading",
    "lrmi.interactivityType[]": "expositive",
    "lrmi.learningResourceType[]": "book",
    "lrmi.typicalAgeRange[]": "14-18"
}