{
    "dc.title": "man Ec ogy an d F ami ly Sci ces \u2013 P t 1 HUMAN ECOLOGY AND FAMILY SCIENCES",
    "dc.description.abstract": "",
    "dcterm.educationlevel": "",
    "dc.identifier.isbn": "9789350077696",
    "dc.date.copyright": "2016",
    "dc.contributor.editor": "Uppal,Shveta||Sutar,Bijnan",
    "dc.contributor.illustrator": "Expressions,Digital",
    "dc.date.created": "   Wed Apr 13 20:43:09 2016 DST",
    "dc.date.publication": {
        "dc.date.firstPublication": "AprilChaitra 1938",
        "dc.date.reprint": ""
    },
    "dc.format.extent": {
        "PageCount": "22",
        "size_in_Bytes": "890035 byt"
    },
    "dc.description.toc": {
        " Unit 2: onwards, the textbook has been designed to inform the learners about the significance and scope of each domain, the multiple thrusts that exist and are emerging. Each unit spells out the basic  concepts,  requisite  knowledge  and  skills  in  each  thrust  area  and delineates  the  career  avenues  and  the  preparation  required  for  them  in order to make informed career choices.": "",
        " \nUnit 1: 1.1 is about work, life skills, careers and livelihoods. It starts with  a description about meaningful work and moves on to point out the need  to  balance  work  with  rest  and  recreation,  to  ensure  a  good  standard  of  living and quality of life. Further, the chapter elaborates on success and  happiness in work life resulting from wholesome attitudes and approaches  to  work.    An  attempt  has  been  made  therein  to  introduce  and  sensitise  youth to ethics, social responsibility, volunteerism and dignity of labour. ": "",
        "1.2 In  this  context,  it  is  pertinent  to  discuss  the  rich  heritage  of  traditional  occupations  of  India,  with  a  view  to  informing  the  students  that  with  creativity and innovation, there are immense opportunities for a satisfying  career. The immense potential of entrepreneurship as a challenging career  avenue is brought to focus to further the interests of the youth, especially  for those who would like to be their own masters, to create employment  for  others  while  being  gainfully  self-employed.  The  unit  also  delves  into  the  importance  of  a  healthy  work  environment  and  the  need  to  sustain  good occupational health, while being aware of occupational hazards and  safety measures required. It is felt that youth of today need to understand  current  issues  including  work  in  the  context  of  age  (child  labour  and  engaging senior citizens) and gender (women and work). In this context, it  is felt that the school(s) could invite  \u2018guest faculty or experts' to interact  with the students to enable them to obtain first hand realistic information.": ""
    },
    "dc.subject.ddc": {
        "level1": {
            "300": "Social sciences"
        },
        "level2": {
            "360": "Social problems &amp; social services"
        },
        "level3": {}
    },
    "dc.description.searchVisibility": "TRUE",
    "dc.format.mimetype": "application/pdf",
    "dc.type": "text",
    "dc.language": "eng",
    "dc.contributor.advisosr": "",
    "dc.contributor.author": "",
    "dc.identifier.uri": "",
    "dc.publisher.date": "",
    "dc.publisher.place": "",
    "dc.relation.referenences": "",
    "dc.relation.haspart[]": "",
    "dc.relation.ispartof": "",
    "dc.relation.ispartofseries": "",
    "dc.relation.requires[]": "PDFviewer Plugin",
    "dc.rights.accessrights": "Open",
    "dc.source.uri": "http://www.ncert.nic.in/",
    "dc.source": "NCERT",
    "dc.subject.prerequisitetopic[]": "",
    "dc.title.alternative": "",
    "lrmi.educationalAlignment.educationalFramework": "Central Board of Secondary Education (CBSE)",
    "lrmi.educationalAlignment.difficultyLevel[]": "",
    "lrmi.educationalAlignment.educationLevel": "",
    "lrmi.educationalRole[]": "student",
    "lrmi.educationalUse[]": "reading",
    "lrmi.interactivityType[]": "expositive",
    "lrmi.learningResourceType[]": "book",
    "lrmi.typicalAgeRange[]": ""
}