{
    "dc.title": "",
    "dc.description.abstract": "",
    "dcterm.educationlevel": "",
    "dc.identifier.isbn": "8174507094",
    "dc.date.copyright": "2007",
    "dc.contributor.editor": "Uppal,Shveta||Sankaranarayanan,Vijayam",
    "dc.contributor.illustrator": "Fish,Blue||Pegu,Anuranjan||Wadhwa,Nidhi",
    "dc.date.created": "   Thu Dec 22 15:18:07 2016 DST",
    "dc.date.publication": {
        "dc.date.firstPublication": "AprilChaitra 1929",
        "dc.date.reprint": [
            "OctoberKartika 1929",
            "JanuaryPausa 1930",
            "JanuaryMagha 1931",
            "NovemberKartika 1932",
            "JanuaryMagha 1933",
            "MarchPhalguna 1934",
            "FebruaryMagha",
            "DecemberPausa 1936",
            "DecemberPausa 1937",
            "DecemberPausa 1938"
        ]
    },
    "dc.format.extent": {
        "PageCount": "11",
        "size_in_Bytes": "3201543 byt"
    },
    "dc.description.toc": {
        "1.: A Triumph of Surgery JAMES HERRIOT": "1",
        "2.: The Thief's Story RUSKIN BOND": "8",
        "3.: The Midnight Visitor ROBERT ARTHUR": "14",
        "4.: A Question of Trust VICTOR CANNING": "20",
        "5.: Footprints without Feet H.G. WELLS": "26",
        "6.: The Making of a Scientist ROBERT W. PETERSON": "32",
        "7.: The Necklace GUY DE MAUPASSANT": "39",
        "8.: The Hack Driver SINCLAIR LEWIS": "47",
        "9.: Bholi K.A. ABBAS": "54",
        "10.: The Book That Saved the Earth CLAIRE BOIKO": "63"
    },
    "dc.subject.ddc": {
        "level1": {
            "200": "Religion",
            "800": "Literature"
        },
        "level2": {
            "290": "Other religions",
            "200": "Religion"
        },
        "level3": {}
    },
    "dc.description.searchVisibility": "TRUE",
    "dc.format.mimetype": "application/pdf",
    "dc.type": "text",
    "dc.language": "eng",
    "dc.contributor.advisosr": "",
    "dc.contributor.author": "",
    "dc.identifier.uri": "",
    "dc.publisher.date": "",
    "dc.publisher.place": "",
    "dc.relation.referenences": "",
    "dc.relation.haspart[]": "",
    "dc.relation.ispartof": "",
    "dc.relation.ispartofseries": "",
    "dc.relation.requires[]": "PDFviewer Plugin",
    "dc.rights.accessrights": "Open",
    "dc.source.uri": "http://www.ncert.nic.in/",
    "dc.source": "NCERT",
    "dc.subject.prerequisitetopic[]": "",
    "dc.title.alternative": "",
    "lrmi.educationalAlignment.educationalFramework": "Central Board of Secondary Education (CBSE)",
    "lrmi.educationalAlignment.difficultyLevel[]": "",
    "lrmi.educationalAlignment.educationLevel": "",
    "lrmi.educationalRole[]": "student",
    "lrmi.educationalUse[]": "reading",
    "lrmi.interactivityType[]": "expositive",
    "lrmi.learningResourceType[]": "book",
    "lrmi.typicalAgeRange[]": ""
}