{
    "dc.title": "INDIAN ECONOMIC DEVELOPMENT",
    "dc.description.abstract": "TEXTBOOK FOR CLASS XI",
    "dcterm.educationlevel": "XI",
    "dc.identifier.isbn": "8174505512",
    "dc.date.copyright": "2006",
    "dc.contributor.editor": "Uppal,Shveta||Bharadwag,Ram",
    "dc.contributor.illustrator": "Verma,Sarita",
    "dc.date.created": "   Thu Mar  2 16:29:06 2017 DST",
    "dc.date.publication": {
        "dc.date.firstPublication": "FebruaryPhalguna 1927",
        "dc.date.reprint": [
            "OctoberKartika 1928",
            "DecemberPausa 1929",
            "DecemberPausa 1930",
            "JanuaryPausa 1931",
            "JanuaryPausa 1932",
            "MarchPhalguna 1933",
            "JanuaryPausa 1934",
            "JanuaryPausa 1935",
            "DecemberPausa 1936",
            "FebruaryMagha 1937",
            "JanuaryMagha 1938"
        ]
    },
    "dc.format.extent": {
        "PageCount": "14",
        "size_in_Bytes": "3162233 byt"
    },
    "dc.description.toc": {
        "CHAPTER 1: 1.1 INDIAN ECONOMY ON THE EVE OF INDEPENDENCE ' LOW LEVEL OF ECONOMIC DEVELOPMENT UNDER THE COLONIAL RULE ": "3",
        "1.2 ' AGRICULTURAL SECTOR ": "3",
        "1.3 ' INDUSTRIAL SECTOR ": "3",
        "1.4 ' FOREIGN TRADE ": "3",
        "1.5 ' DEMOGRAPHIC CONDITION ": "3",
        "1.6 ' OCCUPATIONAL STRUCTURE ": "3",
        "1.7 ' INFRASTRUCTURE ": "3",
        "CHAPTER 2: 2.1 INDIAN ECONOMY  ": "1950-1990",
        "2.2 ' THE GOALS OF FIVE YEAR PLANS ": "1950-1990",
        "2.3 ' AGRICULTURE ": "1950-1990",
        "2.4 ' INDUSTRY AND TRADE ": "1950-1990",
        "2.5 ' TRADE POLICY: IMPORT SUBSTITUTION ": "1950-1990",
        "2.6 UNIT II : ECONOMIC REFORMS SINCE  -": "1950-1990",
        "CHAPTER 3: 3.1 LIBERALISATION, PRIVATISATION AND GLOBALISATION : AN APPRAISAL ' BACKGROUND ": "38",
        "3.2 ' LIBERALISATION ": "38",
        "3.3 ' PRIVATISATION ": "38",
        "3.4 ' GLOBALISATION ": "38",
        "3.5 ' INDIAN ECONOMY DURING REFORMS: AN ASSESSMENT ": "38",
        "3.6 UNIT III: CURRENT CHALLENGES FACING THE INDIAN ECONOMY -": "38",
        "CHAPTER 4: 4.1 POVERTY ' WHO ARE THE POOR? ": "59",
        "4.2 ' HOW ARE POOR PEOPLE IDENTIFIED? ": "59",
        "4.3 ' THE NUMBER OF POOR IN INDIA ": "59",
        "4.4 ": "59",
        "4.5 ' WHAT CAUSES POVERTY? ": "59",
        "4.6 ' POLICIES AND PROGRAMMES TOWARDS POVERTY ALLEVIATION ": "59",
        "4.7 ' POVERTY ALLEVIATION PROGRAMMES\u2014 A CRITICAL ASSESSMENT ": "59",
        "CHAPTER 5: 5.1 HUMAN CAPITAL FORMATION IN INDIA ' WHAT IS HUMAN CAPITAL? ": "82",
        "5.2 ' SOURCES OF HUMAN CAPITAL ": "82",
        "5.3 ' HUMAN CAPITAL AND HUMAN DEVELOPMENT ": "82",
        "5.4 ' STATE OF HUMAN CAPITAL FORMATION IN INDIA ": "82",
        "5.5 ' EDUCATION SECTOR IN INDIA ": "82",
        "5.6 ' FUTURE PROSPECTS ": "82",
        "CHAPTER 6: 6.1 RURAL DEVELOPMENT ' WHAT IS RURAL DEVELOPMENT? ": "99",
        "6.2 ' CREDIT AND MARKETING IN RURAL AREAS ": "99",
        "6.3 ' AGRICULTURAL MARKET SYSTEM ": "99",
        "6.4 ' DIVERSIFICATION INTO PRODUCTIVE ACTIVITIES ": "99",
        "6.5 ' SUSTAINABLE DEVELOPMENT AND ORGANIC FARMING ": "99",
        "CHAPTER 7: 7.1 EMPLOYMENT: GROWTH, INFORMALISATION AND OTHER ISSUES ' WORKERS  AND EMPLOYMENT ": "116",
        "7.2 ' PARTICIPATION OF PEOPLE IN EMPLOYMENT ": "116",
        "7.3 ' SELF-EMPLOYED AND HIRED WORKERS ": "116",
        "7.4 ' EMPLOYMENT IN FIRMS, FACTORIES AND OFFICES ": "116",
        "7.5 ' GROWTH AND CHANGING STRUCTURE OF EMPLOYMENT ": "116",
        "7.6 ' INFORMALISATION OF INDIAN WORKFORCE ": "116",
        "7.7 ' UNEMPLOYMENT ": "116",
        "7.8 ' GOVERNMENT AND EMPLOYMENT GENERATION ": "116",
        "CHAPTER 8: 8.1 INFRASTRUCTURE ' WHAT IS INFRASTRUCTURE? ": "139",
        "8.2 ' RELEVANCE OF INFRASTRUCTURE ": "139",
        "8.3 ' THE STATE OF INFRASTRUCTURE IN INDIA ": "139",
        "8.4 ' ENERGY ": "139",
        "8.5 ' HEALTH  xii": "139",
        "CHAPTER 9: 9.1 ENVIRONMENT AND SUSTAINABLE DEVELOPMENT ' ENVIRONMENT \u2014 DEFINITION AND FUNCTIONS ": "162",
        "9.2 ' STATE OF INDIA'S ENVIRONMENT ": "162",
        "9.3 ' SUSTAINABLE DEVELOPMENT ": "162",
        "9.4 ' STRATEGIES FOR SUSTAINABLE DEVELOPMENT ": "162",
        "9.5 UNIT IV : DEVELOPMENT EXPERIENCES OF INDIA : A COMPARISON -": "162",
        "9.6 WITH NEIGHBOURS": "162",
        "CHAPTER 10: 10.1 COMPARATIVE DEVELOPMENT EXPERIENCES OF INDIA AND ITS NEIGHBOURS": "181",
        "10.2 ' DEVELOPMENTAL PATH \u2014 A SNAPSHOT VIEW ": "181",
        "10.3 ' DEMOGRAPHIC INDICATORS ": "181",
        "10.4 ' GROSS DOMESTIC PRODUCT AND SECTORS ": "181",
        "10.5 ' INDICATORS OF HUMAN DEVELOPMENT ": "181",
        "10.6 ' DEVELOPMENT STRATEGIES \u2014 AN APPRAISAL ": "181",
        "10.7 GLOSSARY - xiii": "181"
    },
    "dc.subject.ddc": {
        "level1": {
            "300": "Social sciences",
            "900": "History &amp; geography"
        },
        "level2": {
            "320": "Political science",
            "330": "Economics"
        },
        "level3": {}
    },
    "dc.description.searchVisibility": "TRUE",
    "dc.format.mimetype": "application/pdf",
    "dc.type": "text",
    "dc.language": "eng",
    "dc.contributor.advisosr": "",
    "dc.contributor.author": "",
    "dc.identifier.uri": "",
    "dc.publisher.date": "",
    "dc.publisher.place": "",
    "dc.relation.referenences": "",
    "dc.relation.haspart[]": "",
    "dc.relation.ispartof": "",
    "dc.relation.ispartofseries": "",
    "dc.relation.requires[]": "PDFviewer Plugin",
    "dc.rights.accessrights": "Open",
    "dc.source.uri": "http://www.ncert.nic.in/",
    "dc.source": "NCERT",
    "dc.subject.prerequisitetopic[]": "",
    "dc.title.alternative": "",
    "lrmi.educationalAlignment.educationalFramework": "Central Board of Secondary Education (CBSE)",
    "lrmi.educationalAlignment.difficultyLevel[]": "medium",
    "lrmi.educationalAlignment.educationLevel": "high school",
    "lrmi.educationalRole[]": "student",
    "lrmi.educationalUse[]": "reading",
    "lrmi.interactivityType[]": "expositive",
    "lrmi.learningResourceType[]": "book",
    "lrmi.typicalAgeRange[]": "14-18"
}