{
    "dc.title": "Environmental Studies LOOKING AROUND T xx  Class V:book for",
    "dc.description.abstract": "",
    "dcterm.educationlevel": "V",
    "dc.identifier.isbn": "9788174508263",
    "dc.date.copyright": "2008",
    "dc.contributor.editor": "Uppal,Shveta",
    "dc.contributor.illustrator": "Athaly,Poonam||Balsavar,Deepa||Jain,Shaija||Rajwade,Preeti||Singh,Kavita||V.Bhagat,Nikita",
    "dc.date.created": "   Sat May 30 13:37:10 2015 DST",
    "dc.date.publication": {
        "dc.date.firstPublication": "MarchChaitra 1929",
        "dc.date.reprint": [
            "FebruaryPhalguna 1930",
            "JanuaryMagha 1931",
            "NovemberKartika",
            "JanuaryMagha 1933",
            "MarchPhalguna 1934",
            "NovemberKartika 1935",
            "DecemberPausa 1936"
        ]
    },
    "dc.format.extent": {
        "PageCount": "13",
        "size_in_Bytes": "6098948 byt"
    },
    "dc.description.toc": {
        "1.: Super Senses ": "1",
        "2.: A Snake Charmer's Story ": "15",
        "3.: From Tasting to Digesting ": "22",
        "4.: Mangoes Round the Year ": "35",
        "5.: Seeds and Seeds ": "42",
        "6.: Every Drop Counts ": "51",
        "7.: Experiments with Water ": "60",
        "8.: A Treat for Mosquitoes ": "67",
        "9.: Up You Go! ": "76",
        "10.: Walls Tell Stories ": "87",
        "11.: Sunita in Space ": "99",
        "12.: What if it Finishes ...? ": "110",
        "13.: A Shelter so High! ": "120",
        "14.: When the Earth Shook! ": "131",
        "15.: Blow Hot, Blow Cold ": "139",
        "16.: Who will do this Work? ": "147",
        "17.: Across the Wall ": "154",
        "18.: No Place for Us? ": "165",
        "19.: A Seed tells a Farmer's Story ": "174",
        "20.: Whose Forests? ": "182",
        "21.: Like Father, Like Daughter ": "192",
        "22.: On the Move Again xii": "200"
    },
    "dc.subject.ddc": {
        "level1": {
            "800": "Literature",
            "200": "Religion"
        },
        "level2": {
            "800": "Literature, rhetoric &amp; criticism",
            "810": "American literature in English",
            "830": "German &amp; related literatures",
            "820": "English &amp; Old English literatures"
        },
        "level3": {}
    },
    "dc.description.searchVisibility": "TRUE",
    "dc.format.mimetype": "application/pdf",
    "dc.type": "text",
    "dc.language": "eng",
    "dc.contributor.advisosr": "",
    "dc.contributor.author": "",
    "dc.identifier.uri": "",
    "dc.publisher.date": "",
    "dc.publisher.place": "",
    "dc.relation.referenences": "",
    "dc.relation.haspart[]": "",
    "dc.relation.ispartof": "",
    "dc.relation.ispartofseries": "",
    "dc.relation.requires[]": "PDFviewer Plugin",
    "dc.rights.accessrights": "Open",
    "dc.source.uri": "http://www.ncert.nic.in/",
    "dc.source": "NCERT",
    "dc.subject.prerequisitetopic[]": "",
    "dc.title.alternative": "",
    "lrmi.educationalAlignment.educationalFramework": "Central Board of Secondary Education (CBSE)",
    "lrmi.educationalAlignment.difficultyLevel[]": "",
    "lrmi.educationalAlignment.educationLevel": "high school",
    "lrmi.educationalRole[]": "student",
    "lrmi.educationalUse[]": "reading",
    "lrmi.interactivityType[]": "expositive",
    "lrmi.learningResourceType[]": "book",
    "lrmi.typicalAgeRange[]": "8-12"
}