{
    "dc.title": "Indian Society",
    "dc.description.abstract": "TEXTBOOK IN SOCIOLOGY FOR CLASS XII",
    "dcterm.educationlevel": "XII",
    "dc.identifier.isbn": "8174506527",
    "dc.date.copyright": "2007",
    "dc.contributor.editor": "Uppal,Shveta",
    "dc.contributor.illustrator": "Rao,Shweta||Wadhwa,Nidhi",
    "dc.date.created": "   Thu Feb 16 22:08:13 2017 DST",
    "dc.date.publication": {
        "dc.date.firstPublication": "JanuaryMagha 1928",
        "dc.date.reprint": [
            "DecemberPausa 1929",
            "FebruaryMagha 1930",
            "JanuaryMagha 1931",
            "DecemberPausa 1932",
            "JanuaryMagha 1933",
            "NovemberKartika 1935",
            "DecemberPausa 1936",
            "DecemberPausa 1937",
            "FebruaryMagha 1938"
        ]
    },
    "dc.format.extent": {
        "PageCount": "12",
        "size_in_Bytes": "1335264 byt"
    },
    "dc.description.toc": {
        "Chapter 1: Introducing Indian Society": "1 - 8",
        "Chapter 2: The Demographic Structure of the Indian Society": "9-40",
        "Chapter 3: Social Institutions: Continuity and Change": "41-60",
        "Chapter 4: The Market as a Social Institution": "61-80",
        "Chapter 5: Patterns of Social Inequality and Exclusion": "81-112",
        "Chapter 6: The Challenges of Cultural Diversity": "113-140",
        "Chapter 7: 7.1 Suggestions for Project Work": "141-152",
        "7.2 Glossary -": "141-152"
    },
    "dc.subject.ddc": {
        "level1": {
            "300": "Social sciences"
        },
        "level2": {
            "300": "Social sciences, sociology &amp; anthropology",
            "320": "Political science",
            "360": "Social problems &amp; social services"
        },
        "level3": {
            "300": "Social sciences",
            "301": "Sociology &amp; anthropology"
        }
    },
    "dc.description.searchVisibility": "TRUE",
    "dc.format.mimetype": "application/pdf",
    "dc.type": "text",
    "dc.language": "eng",
    "dc.contributor.advisosr": "",
    "dc.contributor.author": "",
    "dc.identifier.uri": "",
    "dc.publisher.date": "",
    "dc.publisher.place": "",
    "dc.relation.referenences": "",
    "dc.relation.haspart[]": "",
    "dc.relation.ispartof": "",
    "dc.relation.ispartofseries": "",
    "dc.relation.requires[]": "PDFviewer Plugin",
    "dc.rights.accessrights": "Open",
    "dc.source.uri": "http://www.ncert.nic.in/",
    "dc.source": "NCERT",
    "dc.subject.prerequisitetopic[]": "",
    "dc.title.alternative": "",
    "lrmi.educationalAlignment.educationalFramework": "Central Board of Secondary Education (CBSE)",
    "lrmi.educationalAlignment.difficultyLevel[]": "medium",
    "lrmi.educationalAlignment.educationLevel": "high school",
    "lrmi.educationalRole[]": "student",
    "lrmi.educationalUse[]": "reading",
    "lrmi.interactivityType[]": "expositive",
    "lrmi.learningResourceType[]": "book",
    "lrmi.typicalAgeRange[]": "15-19"
}