{
    "dc.title": "Marigold :BOOK THREE",
    "dc.description.abstract": "Textbook in English for Class III",
    "dcterm.educationlevel": "III",
    "dc.identifier.isbn": "8174504796",
    "dc.date.copyright": "2006",
    "dc.contributor.editor": "Uppal,Shveta",
    "dc.contributor.illustrator": "Expressions,Digital||Mehtani,Henu||Wadhwa,Nidhi",
    "dc.date.created": "   ",
    "dc.date.publication": {
        "dc.date.firstPublication": "FebruaryPhalguna 1927",
        "dc.date.reprint": [
            "NovemberAgrahayana 1928",
            "OctoberKartika 1929",
            "JanuaryMagha 1930",
            "JanuaryMagha 1931",
            "JanuaryMagha 1932",
            "JanuaryMagha 1933",
            "DecemberAgrahayana 1934",
            "OctoberAsvina 1935",
            "DecemberAgrahayana 1936",
            "AprilVaishakha 1938",
            "DecemberPausa 1938"
        ]
    },
    "dc.format.extent": {
        "PageCount": "8",
        "size_in_Bytes": "2340489 byt"
    },
    "dc.description.toc": {
        "Unit I: .1 Good Morning": "1",
        ".2 The Magic Garden": "1",
        "Unit 2: 2.1 Bird Talk": "11",
        "2.2 Nina and the Baby Sparrows": "11",
        "Unit 3: 3.1 Little by Little": "23",
        "3.2 The Enormous Turnip": "23",
        "Unit 4: 4.1 Sea Song": "34",
        "4.2 A Little Fish Story": "34",
        "Unit 5: 5.1 The Balloon Man": "43",
        "5.2 The Yellow Butterfly": "43",
        "Unit 6: 6.1 Trains": "53",
        "Unit 7: 7.1 Puppy and I": "64",
        "7.2 Little Tiger, Big Tiger": "64",
        "Unit 8: 8.1 What's in the Mailbox?": "77",
        "8.2 My Silly Sister": "77",
        "Unit 9: 9.1 Don't Tell": "88",
        "9.2 He is My Brother": "88",
        "Unit 10: 10.1 How Creatures Move": "97",
        "10.2 The Ship of the Desert": "97",
        "10.3 (viii)": "97"
    },
    "dc.subject.ddc": {
        "level1": {
            "800": "Literature",
            "200": "Religion"
        },
        "level2": {
            "820": "English &amp; Old English literatures",
            "800": "Literature, rhetoric &amp; criticism",
            "830": "German &amp; related literatures"
        },
        "level3": {}
    },
    "dc.description.searchVisibility": "TRUE",
    "dc.format.mimetype": "application/pdf",
    "dc.type": "text",
    "dc.language": "eng",
    "dc.contributor.advisosr": "",
    "dc.contributor.author": "",
    "dc.identifier.uri": "",
    "dc.publisher.date": "",
    "dc.publisher.place": "",
    "dc.relation.referenences": "",
    "dc.relation.haspart[]": "",
    "dc.relation.ispartof": "",
    "dc.relation.ispartofseries": "",
    "dc.relation.requires[]": "PDFviewer Plugin",
    "dc.rights.accessrights": "Open",
    "dc.source.uri": "http://www.ncert.nic.in/",
    "dc.source": "NCERT",
    "dc.subject.prerequisitetopic[]": "",
    "dc.title.alternative": "",
    "lrmi.educationalAlignment.educationalFramework": "Central Board of Secondary Education (CBSE)",
    "lrmi.educationalAlignment.difficultyLevel[]": "",
    "lrmi.educationalAlignment.educationLevel": "",
    "lrmi.educationalRole[]": "student",
    "lrmi.educationalUse[]": "reading",
    "lrmi.interactivityType[]": "expositive",
    "lrmi.learningResourceType[]": "book",
    "lrmi.typicalAgeRange[]": "6-10"
}