{
    "dc.title": "Psychology",
    "dc.description.abstract": "TEXTBOOK FOR CLASS XI",
    "dcterm.educationlevel": "XI",
    "dc.identifier.isbn": "8174505067",
    "dc.date.copyright": "2006",
    "dc.contributor.editor": "Uppal,Shveta||Sutar,Bijnan",
    "dc.contributor.illustrator": "Wadhwa,Nidhi",
    "dc.date.created": "   Fri Mar  3 20:38:42 2017 DST",
    "dc.date.publication": {
        "dc.date.firstPublication": "FebruaryPhalguna 1927",
        "dc.date.reprint": [
            "FebruaryPhalguna 1928",
            "OctoberKartika 1929",
            "JanuaryPausa 1930",
            "November",
            "JanuaryPausa 1932",
            "OctoberKartika 1934",
            "DecemberPausa 1936",
            "DecemberAgrahayana 1937",
            "MarchPhalguna 1938"
        ]
    },
    "dc.format.extent": {
        "PageCount": "14",
        "size_in_Bytes": "200343 byt"
    },
    "dc.description.toc": {
        "Chapter 1: What is Psychology? ": "1",
        "Chapter 2: Methods of Enquiry in Psychology ": "22",
        "Chapter 3: The Bases of Human Behaviour ": "43",
        "Chapter 4: Human Development ": "64",
        "Chapter 5: Sensory, Attentional and Perceptual Processes ": "84",
        "Chapter 6: Learning ": "107",
        "Chapter 7: Human Memory ": "131",
        "Chapter 8: Thinking ": "149",
        "Chapter 9: 9.1 Motivation and Emotion Glossary ": "169",
        "9.2 Suggested Readings ": "169"
    },
    "dc.subject.ddc": {
        "level1": {
            "100": "Philosophy &amp; psychology"
        },
        "level2": {
            "150": "Psychology",
            "120": "Epistemology"
        },
        "level3": {}
    },
    "dc.description.searchVisibility": "TRUE",
    "dc.format.mimetype": "application/pdf",
    "dc.type": "text",
    "dc.language": "eng",
    "dc.contributor.advisosr": "",
    "dc.contributor.author": "",
    "dc.identifier.uri": "",
    "dc.publisher.date": "",
    "dc.publisher.place": "",
    "dc.relation.referenences": "",
    "dc.relation.haspart[]": "",
    "dc.relation.ispartof": "",
    "dc.relation.ispartofseries": "",
    "dc.relation.requires[]": "PDFviewer Plugin",
    "dc.rights.accessrights": "Open",
    "dc.source.uri": "http://www.ncert.nic.in/",
    "dc.source": "NCERT",
    "dc.subject.prerequisitetopic[]": "",
    "dc.title.alternative": "",
    "lrmi.educationalAlignment.educationalFramework": "Central Board of Secondary Education (CBSE)",
    "lrmi.educationalAlignment.difficultyLevel[]": "medium",
    "lrmi.educationalAlignment.educationLevel": "high school",
    "lrmi.educationalRole[]": "student",
    "lrmi.educationalUse[]": "reading",
    "lrmi.interactivityType[]": "expositive",
    "lrmi.learningResourceType[]": "book",
    "lrmi.typicalAgeRange[]": "14-18"
}