{
    "dc.title": "S o c i a l   S c i e n c e Social and Political Life \u2013 II",
    "dc.description.abstract": "T extbook f or Class  VII",
    "dcterm.educationlevel": "VII",
    "dc.identifier.isbn": "8174506721",
    "dc.date.copyright": "2007",
    "dc.contributor.editor": "Uppal,Shveta||Chadha,Shashi",
    "dc.contributor.illustrator": "Sen,Orijit",
    "dc.date.created": "   Tue Jan 24 15:06:40 2017 DST",
    "dc.date.publication": {
        "dc.date.firstPublication": "FebruaryPhalguna 1928",
        "dc.date.reprint": [
            "FebruaryMagha 1929",
            "MarchPhalguna 1930",
            "JanuaryMagha 1931",
            "DecemberAgrahayana 1932",
            "JanuaryMagha 1933",
            "NovemberKartika 1934",
            "NovemberKartika 1935",
            "DecemberPausa 1936",
            "JanuaryPausa 1937",
            "JanuaryMagha 1938"
        ]
    },
    "dc.format.extent": {
        "PageCount": "15",
        "size_in_Bytes": "4866600 byt"
    },
    "dc.description.toc": {},
    "dc.subject.ddc": {
        "level1": {
            "300": "Social sciences",
            "800": "Literature"
        },
        "level2": {
            "300": "Social sciences, sociology &amp; anthropology"
        },
        "level3": {
            "300": "Social sciences",
            "302": "Social interaction",
            "301": "Sociology &amp; anthropology",
            "303": "Social processes",
            "306": "Culture &amp; institutions"
        }
    },
    "dc.description.searchVisibility": "TRUE",
    "dc.format.mimetype": "application/pdf",
    "dc.type": "text",
    "dc.language": "eng",
    "dc.contributor.advisosr": "",
    "dc.contributor.author": "",
    "dc.identifier.uri": "",
    "dc.publisher.date": "",
    "dc.publisher.place": "",
    "dc.relation.referenences": "",
    "dc.relation.haspart[]": "",
    "dc.relation.ispartof": "",
    "dc.relation.ispartofseries": "",
    "dc.relation.requires[]": "PDFviewer Plugin",
    "dc.rights.accessrights": "Open",
    "dc.source.uri": "http://www.ncert.nic.in/",
    "dc.source": "NCERT",
    "dc.subject.prerequisitetopic[]": "",
    "dc.title.alternative": "",
    "lrmi.educationalAlignment.educationalFramework": "Central Board of Secondary Education (CBSE)",
    "lrmi.educationalAlignment.difficultyLevel[]": "",
    "lrmi.educationalAlignment.educationLevel": "high school",
    "lrmi.educationalRole[]": "student",
    "lrmi.educationalUse[]": "reading",
    "lrmi.interactivityType[]": "expositive",
    "lrmi.learningResourceType[]": "book",
    "lrmi.typicalAgeRange[]": "10-14"
}