{
    "dc.title": "SCIENCE",
    "dc.description.abstract": "TEXTBOOK FOR CLASS IX",
    "dcterm.educationlevel": "IX",
    "dc.identifier.isbn": "8174504923",
    "dc.date.copyright": "2006",
    "dc.contributor.editor": "Uppal,Shveta",
    "dc.contributor.illustrator": "Expressions,Digital||Wadhwa,Nidhi",
    "dc.date.created": "   Thu Mar  2 17:56:33 2017 DST",
    "dc.date.publication": {
        "dc.date.firstPublication": "FebruaryPhalguna 1927",
        "dc.date.reprint": [
            "NovemberKartika 1928",
            "NovemberKartika 1929",
            "JanuaryMagha 1930",
            "DecemberPausa 1931",
            "NovemberKartika 1932",
            "DecemberPausa 1933",
            "OctoberAsvina 1934",
            "OctoberAsvina 1935",
            "DecemberAgrahayana 1936",
            "DecemberAgrahayana 1937",
            "FebruaryPhalguna 1938"
        ]
    },
    "dc.format.extent": {
        "PageCount": "10",
        "size_in_Bytes": "3074692 byt"
    },
    "dc.description.toc": {
        "Chapter 1: MATTER IN OUR SURROUNDINGS ": "1",
        "Chapter 2: IS MATTER AROUND US PURE ": "14",
        "Chapter 3: ATOMS AND MOLECULES ": "31",
        "Chapter 4: STRUCTURE OF THE ATOM ": "46",
        "Chapter 5: THE FUNDAMENTAL UNIT OF LIFE ": "57",
        "Chapter 6: TISSUES ": "68",
        "Chapter 7: DIVERSITY IN LIVING ORGANISMS ": "80",
        "Chapter 8: MOTION ": "98",
        "Chapter 9: FORCE AND LAWS OF MOTION ": "114",
        "Chapter 10: GRAVITATION ": "131",
        "Chapter 11: WORK  AND ENERGY ": "146",
        "Chapter 12: SOUND ": "160",
        "Chapter 13: WHY DO WE FALL ILL ": "176",
        "Chapter 14: NATURAL RESOURCES ": "189",
        "Chapter 15: IMPROVEMENT IN FOOD RESOURCES ANSWERS  ' ": "203"
    },
    "dc.subject.ddc": {
        "level1": {
            "500": "Science",
            "100": "Philosophy &amp; psychology"
        },
        "level2": {
            "540": "Chemistry",
            "590": "Animals (Zoology)",
            "530": "Physics"
        },
        "level3": {
            "540": "Chemistry &amp; allied sciences",
            "541": "Physical chemistry"
        }
    },
    "dc.description.searchVisibility": "TRUE",
    "dc.format.mimetype": "application/pdf",
    "dc.type": "text",
    "dc.language": "eng",
    "dc.contributor.advisosr": "",
    "dc.contributor.author": "",
    "dc.identifier.uri": "",
    "dc.publisher.date": "",
    "dc.publisher.place": "",
    "dc.relation.referenences": "",
    "dc.relation.haspart[]": "",
    "dc.relation.ispartof": "",
    "dc.relation.ispartofseries": "",
    "dc.relation.requires[]": "PDFviewer Plugin",
    "dc.rights.accessrights": "Open",
    "dc.source.uri": "http://www.ncert.nic.in/",
    "dc.source": "NCERT",
    "dc.subject.prerequisitetopic[]": "",
    "dc.title.alternative": "",
    "lrmi.educationalAlignment.educationalFramework": "Central Board of Secondary Education (CBSE)",
    "lrmi.educationalAlignment.difficultyLevel[]": "medium",
    "lrmi.educationalAlignment.educationLevel": "high school",
    "lrmi.educationalRole[]": "student",
    "lrmi.educationalUse[]": "reading",
    "lrmi.interactivityType[]": "expositive",
    "lrmi.learningResourceType[]": "book",
    "lrmi.typicalAgeRange[]": "12-16"
}