{
    "dc.title": "ACCOUNTANCY COMPUTERISED ACCOUNTING SYSTEM",
    "dc.description.abstract": "Textbook for Class XII",
    "dcterm.educationlevel": "XII",
    "dc.identifier.isbn": "9789350070260",
    "dc.date.copyright": "2010",
    "dc.contributor.editor": "Uppal,Shveta||Ram,ial",
    "dc.contributor.illustrator": "Chadha,Karan",
    "dc.date.created": "   Thu Feb 16 22:27:22 2017 DST",
    "dc.date.publication": {
        "dc.date.firstPublication": "JanuaryMagha 1931",
        "dc.date.reprint": [
            "MarchPhalguna 1936",
            "DecemberPausa 1937",
            "FebruaryMagha 1938"
        ]
    },
    "dc.format.extent": {
        "PageCount": "10",
        "size_in_Bytes": "140031 byt"
    },
    "dc.description.toc": {
        "CHAPTER 1: 1.1 OVERVIEW OF COMPUTERISED ACCOUNTING SYSTEM . Computerised Accounting System ": "1",
        "1.2 . Components of CAS ": "1",
        "1.3 . Salient Features of CAS ": "1",
        "1.4 . Grouping of Accounts ": "1",
        "1.5 . Using Software of CAS ": "1",
        "1.6 . Advantages of CAS ": "1",
        "1.7 . Limitations of CAS . Accounting Information System (AIS) ": "1",
        "CHAPTER 2: 2.1 SPREADSHEET . Basic Concepts of Spreadsheet ": "17",
        "2.2 . Data Entry Text Management and Cell Formatting ": "17",
        "2.3 . Data Formatting ": "17",
        "2.4 . Output Reports ": "17",
        "2.5 . Preparation of Reports Using Pivot Table ": "17",
        "2.6 . Common Errors (Messages) in Spreadsheet ": "17",
        "CHAPTER 3: 3.1 USE OF SPREADSHEET IN BUSINESS APPLICATION . Payroll Accounting . Asset Acounting ": "87",
        "3.2 . Loan Repayment Schedule ": "87",
        "CHAPTER 4: 4.1 GRAPHS AND CHARTS FOR BUSINESS . Data Graphs and Charts . Basics Steps for Graphs/Charts/Diagrams Using Excel ": "105",
        "4.2 . Advantages in Using Graph/Chart ": "105",
        "CHAPTER 5: 5.1 ACCOUNTING SOFTWARE PACKAGE: TALLY . Steps in Installation of CAS ": "125",
        "5.2 . Use of Accounting Software ": "125",
        "5.3 . Need and Security Feature of the System ": "125",
        "CHAPTER 6: 6.1 DATA BASE MANAGEMENT SYSTEM FOR ACCOUNTING . Understanding and Debining the Database Requirement ": "153",
        "6.2 . Identification of Data to be Stored in Tables ": "153",
        "6.3 . Logical Structuring of Data in Tables ": "153",
        "6.4 . Creating Database Tables in Microsoft Access ": "153",
        "6.5 . Creation of Query in Microsoft Access ": "153",
        "6.6 . Creation of Farms in Microsoft Access ": "153",
        "6.7 . Creation of Reports in Microsoft Access ": "153"
    },
    "dc.subject.ddc": {
        "level1": {
            "000": "Computer science, information &amp; general works"
        },
        "level2": {
            "000": "Computer science, knowledge &amp; systems",
            "020": "Library &amp; information sciences"
        },
        "level3": {
            "005": "Computer programming, programs &amp; data",
            "004": "Data processing &amp; computer science"
        }
    },
    "dc.description.searchVisibility": "TRUE",
    "dc.format.mimetype": "application/pdf",
    "dc.type": "text",
    "dc.language": "eng",
    "dc.contributor.advisosr": "",
    "dc.contributor.author": "",
    "dc.identifier.uri": "",
    "dc.publisher.date": "",
    "dc.publisher.place": "",
    "dc.relation.referenences": "",
    "dc.relation.haspart[]": "",
    "dc.relation.ispartof": "",
    "dc.relation.ispartofseries": "",
    "dc.relation.requires[]": "PDFviewer Plugin",
    "dc.rights.accessrights": "Open",
    "dc.source.uri": "http://www.ncert.nic.in/",
    "dc.source": "NCERT",
    "dc.subject.prerequisitetopic[]": "",
    "dc.title.alternative": "",
    "lrmi.educationalAlignment.educationalFramework": "Central Board of Secondary Education (CBSE)",
    "lrmi.educationalAlignment.difficultyLevel[]": "medium",
    "lrmi.educationalAlignment.educationLevel": "high school",
    "lrmi.educationalRole[]": "student",
    "lrmi.educationalUse[]": "reading",
    "lrmi.interactivityType[]": "expositive",
    "lrmi.learningResourceType[]": "book",
    "lrmi.typicalAgeRange[]": "15-19"
}