{
    "dc.title": "SOCIAL SCIENCE",
    "dc.description.abstract": "Textbook in History for Class VII",
    "dcterm.educationlevel": "VII",
    "dc.identifier.isbn": "8174507248",
    "dc.date.copyright": "2007",
    "dc.contributor.editor": "Uppal,Shveta||Chadha,Shashi",
    "dc.contributor.illustrator": "Creations,Arrt",
    "dc.date.created": "   Thu Dec  8 20:48:09 2016 DST",
    "dc.date.publication": {
        "dc.date.firstPublication": "April",
        "dc.date.reprint": [
            "NovemberKartika 1929",
            "JanuaryPausa 1930",
            "DecemberPausa 1931",
            "NovemberKartika 1932",
            "JanuaryMagha 1933",
            "MarchPhalguna 1934",
            "October",
            "DecemberPausa 1936",
            "DecemberAgrahayana 1937",
            "DecemberAgrahayana 1938"
        ]
    },
    "dc.format.extent": {
        "PageCount": "16",
        "size_in_Bytes": "17025067 byt"
    },
    "dc.description.toc": {
        "1.: Tracing Changes Through A Thousand Years ": "1",
        "2.: New Kings And Kingdoms ": "16",
        "3.: The Delhi Sultans ": "30",
        "4.: The Mughal Empire ": "45",
        "5.: Rulers And Buildings ": "60",
        "6.: Towns, Traders And Craftspersons ": "75",
        "7.: Tribes, Nomads And Settled Communities ": "91",
        "8.: Devotional Paths To The Divine ": "104",
        "9.: The Making Of Regional Cultures ": "122",
        "10.: Eighteenth-Century Political Formations ": "138"
    },
    "dc.subject.ddc": {
        "level1": {
            "900": "History &amp; geography",
            "800": "Literature"
        },
        "level2": {
            "940": "History of Europe",
            "900": "History"
        },
        "level3": {
            "941": "British Isles",
            "943": "Central Europe; Germany",
            "940": "History of Europe"
        }
    },
    "dc.description.searchVisibility": "TRUE",
    "dc.format.mimetype": "application/pdf",
    "dc.type": "text",
    "dc.language": "eng",
    "dc.contributor.advisosr": "",
    "dc.contributor.author": "",
    "dc.identifier.uri": "",
    "dc.publisher.date": "",
    "dc.publisher.place": "",
    "dc.relation.referenences": "",
    "dc.relation.haspart[]": "",
    "dc.relation.ispartof": "",
    "dc.relation.ispartofseries": "",
    "dc.relation.requires[]": "PDFviewer Plugin",
    "dc.rights.accessrights": "Open",
    "dc.source.uri": "http://www.ncert.nic.in/",
    "dc.source": "NCERT",
    "dc.subject.prerequisitetopic[]": "",
    "dc.title.alternative": "",
    "lrmi.educationalAlignment.educationalFramework": "Central Board of Secondary Education (CBSE)",
    "lrmi.educationalAlignment.difficultyLevel[]": "",
    "lrmi.educationalAlignment.educationLevel": "high school",
    "lrmi.educationalRole[]": "student",
    "lrmi.educationalUse[]": "reading",
    "lrmi.interactivityType[]": "expositive",
    "lrmi.learningResourceType[]": "book",
    "lrmi.typicalAgeRange[]": "10-14"
}