{
    "dc.title": "Math-Magic",
    "dc.description.abstract": "Textbook in Mathematics for Class I",
    "dcterm.educationlevel": "I",
    "dc.identifier.isbn": "8174504761",
    "dc.date.copyright": "2006",
    "dc.contributor.editor": "Uppal,Shveta",
    "dc.contributor.illustrator": "Wadhwa,Nidhi",
    "dc.date.created": "   ",
    "dc.date.publication": {
        "dc.date.firstPublication": "FebruaryPhalguna 1927",
        "dc.date.reprint": [
            "SeptemberAsvina 1928",
            "DecemberPausa 1929",
            "JanuaryMagha 1930",
            "NovemberAgrahayana 1931",
            "JanuaryMagha 1932",
            "January",
            "DecemberAgrahayana 1934",
            "OctoberAsvina 1935",
            "NovemberAgrahayana 1936",
            "FebruaryMagha 1938"
        ]
    },
    "dc.format.extent": {
        "PageCount": "11",
        "size_in_Bytes": "16639593 byt"
    },
    "dc.description.toc": {
        "1.: Shapes and Space ": "1",
        "2.: Numbers from One to Nine ": "21",
        "3.: Addition ": "51",
        "4.: Subtraction ": "61",
        "5.: Numbers from Ten to Twenty ": "69",
        "6.: Time ": "89",
        "7.: Measurement ": "93",
        "8.: Numbers from Twenty-one to Fifty ": "104",
        "9.: Data Handling ": "109",
        "10.: Patterns ": "111",
        "11.: Numbers ": "117",
        "12.: Money ": "124",
        "13.: How Many ": "130"
    },
    "dc.subject.ddc": {
        "level1": {
            "500": "Science",
            "700": "Arts &amp; recreation",
            "400": "Language"
        },
        "level2": {
            "530": "Physics",
            "500": "Science",
            "580": "Plants (Botany)"
        },
        "level3": {
            "532": "Fluid mechanics; liquid mechanics",
            "530": "Physics",
            "539": "Modern physics",
            "535": "Light &amp; infrared &amp; ultraviolet phenomena"
        }
    },
    "dc.description.searchVisibility": "TRUE",
    "dc.format.mimetype": "application/pdf",
    "dc.type": "text",
    "dc.language": "eng",
    "dc.contributor.advisosr": "",
    "dc.contributor.author": "",
    "dc.identifier.uri": "",
    "dc.publisher.date": "",
    "dc.publisher.place": "",
    "dc.relation.referenences": "",
    "dc.relation.haspart[]": "",
    "dc.relation.ispartof": "",
    "dc.relation.ispartofseries": "",
    "dc.relation.requires[]": "PDFviewer Plugin",
    "dc.rights.accessrights": "Open",
    "dc.source.uri": "http://www.ncert.nic.in/",
    "dc.source": "NCERT",
    "dc.subject.prerequisitetopic[]": "",
    "dc.title.alternative": "",
    "lrmi.educationalAlignment.educationalFramework": "Central Board of Secondary Education (CBSE)",
    "lrmi.educationalAlignment.difficultyLevel[]": "",
    "lrmi.educationalAlignment.educationLevel": "",
    "lrmi.educationalRole[]": "student",
    "lrmi.educationalUse[]": "reading",
    "lrmi.interactivityType[]": "expositive",
    "lrmi.learningResourceType[]": "book",
    "lrmi.typicalAgeRange[]": "4-8"
}