{
    "dc.title": "ECONOMICS",
    "dc.description.abstract": "Textbook for Class IX",
    "dcterm.educationlevel": "IX",
    "dc.identifier.isbn": "8174505172",
    "dc.date.copyright": "2006",
    "dc.contributor.editor": "Uppal,Shveta||Bhardwaj,R.N.",
    "dc.contributor.illustrator": "Verma,Savita||Wadhwa,Nidhi",
    "dc.date.created": "   Thu Jan  5 15:53:19 2017 DST",
    "dc.date.publication": {
        "dc.date.firstPublication": "MarchPhalguna 1927",
        "dc.date.reprint": [
            "DecemberPausa 1928",
            "DecemberAgrahayana 1929",
            "FebruaryMagha 1930",
            "JanuaryPausa 1931",
            "JanuaryMagha 1932",
            "JanuaryMagha 1933",
            "JanuaryPausa 1934",
            "NovemberKartika 1935",
            "DecemberAgrahayana 1936",
            "DecemberAgrahayana 1937",
            "JanuaryPausa 1938"
        ]
    },
    "dc.format.extent": {
        "PageCount": "10",
        "size_in_Bytes": "2542364 byt"
    },
    "dc.description.toc": {
        "CHATPER 1: The Story of Village Palampur ": "1",
        "CHAPTER 2: People as Resource ": "16",
        "CHAPTER 3: Poverty as a Challenge ": "29",
        "CHAPTER 4: Food Security in India ": "42"
    },
    "dc.subject.ddc": {
        "level1": {
            "300": "Social sciences",
            "900": "History &amp; geography"
        },
        "level2": {
            "390": "Customs, etiquette &amp; folklore",
            "360": "Social problems &amp; social services"
        },
        "level3": {}
    },
    "dc.description.searchVisibility": "TRUE",
    "dc.format.mimetype": "application/pdf",
    "dc.type": "text",
    "dc.language": "eng",
    "dc.contributor.advisosr": "",
    "dc.contributor.author": "",
    "dc.identifier.uri": "",
    "dc.publisher.date": "",
    "dc.publisher.place": "",
    "dc.relation.referenences": "",
    "dc.relation.haspart[]": "",
    "dc.relation.ispartof": "",
    "dc.relation.ispartofseries": "",
    "dc.relation.requires[]": "PDFviewer Plugin",
    "dc.rights.accessrights": "Open",
    "dc.source.uri": "http://www.ncert.nic.in/",
    "dc.source": "NCERT",
    "dc.subject.prerequisitetopic[]": "",
    "dc.title.alternative": "",
    "lrmi.educationalAlignment.educationalFramework": "Central Board of Secondary Education (CBSE)",
    "lrmi.educationalAlignment.difficultyLevel[]": "medium",
    "lrmi.educationalAlignment.educationLevel": "high school",
    "lrmi.educationalRole[]": "student",
    "lrmi.educationalUse[]": "reading",
    "lrmi.interactivityType[]": "expositive",
    "lrmi.learningResourceType[]": "book",
    "lrmi.typicalAgeRange[]": "12-16"
}