{
    "dc.title": "",
    "dc.description.abstract": "",
    "dcterm.educationlevel": "",
    "dc.identifier.isbn": "8174504850",
    "dc.date.copyright": "2006",
    "dc.contributor.editor": "Uppal,Shveta||Sankaranarayanan,Vijayam",
    "dc.contributor.illustrator": "Rao,Shweta||Shaligram,Bhushan",
    "dc.date.created": "   Mon Dec 19 21:53:22 2016 DST",
    "dc.date.publication": {
        "dc.date.firstPublication": "FebruaryPhalguna 1927",
        "dc.date.reprint": [
            "JanuaryMagha 1928",
            "OctoberKartika 1929",
            "JanuaryPausa 1930",
            "JanuaryMagha 1931",
            "FebruaryMagha 1933",
            "JanuaryPausa 1934",
            "OctoberAsvina 1935",
            "DecemberPausa 1936",
            "December",
            "DecemberPausa 1938"
        ]
    },
    "dc.format.extent": {
        "PageCount": "10",
        "size_in_Bytes": "5040789 byt"
    },
    "dc.description.toc": {
        "1.: Who Did Patrick's Homework? ... A House, A Home ... ": "7",
        "2.: How the Dog Found Himselfa New Master! ... The Kite ... ": "17",
        "3.: 3.1 Taro's Reward ... The Quarrel ... ": "29",
        "3.2 NOTES FOR THE TEACHER": "29",
        "3.3 (Units ') ... ": "29",
        "4.: An Indian ' American Woman in Space:Kalpana Chawla ... Beauty ... ": "45",
        "5.: A  Different Kind of School ... Where Do All the Teachers Go? ... ": "56",
        "6.: Who I Am ... The Wonderful Words ... ": "69",
        "7.: 7.1 Fair Play ... NOTES FOR THE TEACHER": "84",
        "7.2 (Units  ') ... ": "84",
        "8.: A Game of Chance ... Vocation ... ": "99",
        "9.: Desert Animals  ... Whatif ... ": "112",
        "10.: The Banyan Tree ... ": "124"
    },
    "dc.subject.ddc": {
        "level1": {
            "800": "Literature",
            "700": "Arts &amp; recreation"
        },
        "level2": {
            "810": "American literature in English",
            "830": "German &amp; related literatures",
            "800": "Literature, rhetoric &amp; criticism"
        },
        "level3": {}
    },
    "dc.description.searchVisibility": "TRUE",
    "dc.format.mimetype": "application/pdf",
    "dc.type": "text",
    "dc.language": "eng",
    "dc.contributor.advisosr": "",
    "dc.contributor.author": "",
    "dc.identifier.uri": "",
    "dc.publisher.date": "",
    "dc.publisher.place": "",
    "dc.relation.referenences": "",
    "dc.relation.haspart[]": "",
    "dc.relation.ispartof": "",
    "dc.relation.ispartofseries": "",
    "dc.relation.requires[]": "PDFviewer Plugin",
    "dc.rights.accessrights": "Open",
    "dc.source.uri": "http://www.ncert.nic.in/",
    "dc.source": "NCERT",
    "dc.subject.prerequisitetopic[]": "",
    "dc.title.alternative": "",
    "lrmi.educationalAlignment.educationalFramework": "Central Board of Secondary Education (CBSE)",
    "lrmi.educationalAlignment.difficultyLevel[]": "",
    "lrmi.educationalAlignment.educationLevel": "",
    "lrmi.educationalRole[]": "student",
    "lrmi.educationalUse[]": "reading",
    "lrmi.interactivityType[]": "expositive",
    "lrmi.learningResourceType[]": "book",
    "lrmi.typicalAgeRange[]": ""
}