{
    "dc.title": "Accountancy Company Accounts and Analysis of Financial Statements",
    "dc.description.abstract": "Textbook for Class XII",
    "dcterm.educationlevel": "XII",
    "dc.identifier.isbn": "9789350073421",
    "dc.date.copyright": "2007",
    "dc.contributor.editor": "Uppal,Shveta||John,ial",
    "dc.contributor.illustrator": "Rao,Shweta",
    "dc.date.created": "   Thu Feb 16 22:34:25 2017 DST",
    "dc.date.publication": {
        "dc.date.firstPublication": "MarchPhalguna 1928",
        "dc.date.reprint": [
            "OctoberKartika 1929",
            "DecemberPausa 1930",
            "JanuaryMagha 1931",
            "JanuaryMagha 1932",
            "JanuaryMagha 1933",
            "JuneJyaistha 1937",
            "December",
            "JanuaryMagha 1938"
        ]
    },
    "dc.format.extent": {
        "PageCount": "10",
        "size_in_Bytes": "2411134 byt"
    },
    "dc.description.toc": {
        "CHAPTER 1: ACCOUNTING FOR NOT-FOR-PROFIT ORGANISATION ": "1",
        "CHAPTER 2: ACCOUNTING FOR PARTNERSHIP : BASIC CONCEPTS ": "64",
        "CHAPTER 3: RECONSTITUTION OF A PARTNERSHIP FIRM ' ADMISSION OF A PARTNER": "115",
        "CHAPTER 4: RECONSTITUTION OF A PARTNERSHIP FIRM ' RETIREMENT/DEATH OF A PARTNER": "176",
        "CHAPTER 5: DISSOLUTION OF PARTNERSHIP FIRM ": "226"
    },
    "dc.subject.ddc": {
        "level1": {
            "300": "Social sciences",
            "600": "Technology"
        },
        "level2": {
            "360": "Social problems &amp; social services",
            "310": "Statistics"
        },
        "level3": {}
    },
    "dc.description.searchVisibility": "TRUE",
    "dc.format.mimetype": "application/pdf",
    "dc.type": "text",
    "dc.language": "eng",
    "dc.contributor.advisosr": "",
    "dc.contributor.author": "",
    "dc.identifier.uri": "",
    "dc.publisher.date": "",
    "dc.publisher.place": "",
    "dc.relation.referenences": "",
    "dc.relation.haspart[]": "",
    "dc.relation.ispartof": "",
    "dc.relation.ispartofseries": "",
    "dc.relation.requires[]": "PDFviewer Plugin",
    "dc.rights.accessrights": "Open",
    "dc.source.uri": "http://www.ncert.nic.in/",
    "dc.source": "NCERT",
    "dc.subject.prerequisitetopic[]": "",
    "dc.title.alternative": "",
    "lrmi.educationalAlignment.educationalFramework": "Central Board of Secondary Education (CBSE)",
    "lrmi.educationalAlignment.difficultyLevel[]": "medium",
    "lrmi.educationalAlignment.educationLevel": "high school",
    "lrmi.educationalRole[]": "student",
    "lrmi.educationalUse[]": "reading",
    "lrmi.interactivityType[]": "expositive",
    "lrmi.learningResourceType[]": "book",
    "lrmi.typicalAgeRange[]": "15-19"
}