{
    "dc.title": "MATHEMATICS",
    "dc.description.abstract": "Textbook for Class VIII",
    "dcterm.educationlevel": "VIII",
    "dc.identifier.isbn": "9788174508140",
    "dc.date.copyright": "2008",
    "dc.contributor.editor": "Uppal,Shveta||Sutar,Bijnan",
    "dc.contributor.illustrator": "Rao,Shweta||Soni,Prashant",
    "dc.date.created": "   Fri Dec 16 22:30:44 2016 DST",
    "dc.date.publication": {
        "dc.date.firstPublication": "JanuaryMagha 1929",
        "dc.date.reprint": [
            "JanuaryPausa  1930",
            "JanuaryMagha 1931",
            "NovemberKartika 1932",
            "JanuaryMagha 1933",
            "NovemberKartika 1934",
            "NovemberKartika 1935",
            "NovemberKartika 1936",
            "December",
            "DecemberPausa 1938"
        ]
    },
    "dc.format.extent": {
        "PageCount": "10",
        "size_in_Bytes": "183189 byt"
    },
    "dc.description.toc": {
        "Chapter 1: Rational Numbers ": "1",
        "Chapter 2: Linear Equations in One Variable ": "21",
        "Chapter 3: Understanding Quadrilaterals ": "37",
        "Chapter 4: Practical Geometry ": "57",
        "Chapter 5: Data Handling ": "69",
        "Chapter 6: Squares and Square Roots ": "89",
        "Chapter 7: Cubes and Cube Roots ": "109",
        "Chapter 8: Comparing Quantities ": "117",
        "Chapter 9: Algebraic Expressions and Identities ": "137",
        "Chapter 10: Visualising Solid Shapes ": "153",
        "Chapter 11: Mensuration ": "169",
        "Chapter 12: Exponents and Powers ": "193",
        "Chapter 13: Direct and Inverse Proportions ": "201",
        "Chapter 14: Factorisation ": "217",
        "Chapter 15: Introduction to Graphs ": "231",
        "Chapter 16: 16.1 Playing with Numbers Answers ": "249",
        "16.2 Just for Fun ": "249"
    },
    "dc.subject.ddc": {
        "level1": {
            "500": "Science"
        },
        "level2": {
            "530": "Physics",
            "510": "Mathematics"
        },
        "level3": {
            "532": "Fluid mechanics; liquid mechanics",
            "537": "Electricity &amp; electronics",
            "531": "Classical mechanics; solid mechanics"
        }
    },
    "dc.description.searchVisibility": "TRUE",
    "dc.format.mimetype": "application/pdf",
    "dc.type": "text",
    "dc.language": "eng",
    "dc.contributor.advisosr": "",
    "dc.contributor.author": "",
    "dc.identifier.uri": "",
    "dc.publisher.date": "",
    "dc.publisher.place": "",
    "dc.relation.referenences": "",
    "dc.relation.haspart[]": "",
    "dc.relation.ispartof": "",
    "dc.relation.ispartofseries": "",
    "dc.relation.requires[]": "PDFviewer Plugin",
    "dc.rights.accessrights": "Open",
    "dc.source.uri": "http://www.ncert.nic.in/",
    "dc.source": "NCERT",
    "dc.subject.prerequisitetopic[]": "",
    "dc.title.alternative": "",
    "lrmi.educationalAlignment.educationalFramework": "Central Board of Secondary Education (CBSE)",
    "lrmi.educationalAlignment.difficultyLevel[]": "medium",
    "lrmi.educationalAlignment.educationLevel": "high school",
    "lrmi.educationalRole[]": "student",
    "lrmi.educationalUse[]": "reading",
    "lrmi.interactivityType[]": "expositive",
    "lrmi.learningResourceType[]": "book",
    "lrmi.typicalAgeRange[]": "11-15"
}