{
    "dc.title": "U N D E R S T A N D I N G E C O N O M I C D E V E L O P M E N T SOCIAL SCIENCE",
    "dc.description.abstract": "TEXTBOOK FOR CLASS X",
    "dcterm.educationlevel": "X",
    "dc.identifier.isbn": "8174506551",
    "dc.date.copyright": "2006",
    "dc.contributor.editor": "Uppal,Shveta||Bhardwaj,R.N.",
    "dc.contributor.illustrator": "Haydock,Karen",
    "dc.date.created": "   Fri Jan  6 22:00:43 2017 DST",
    "dc.date.publication": {
        "dc.date.firstPublication": "DecemberAgrahayana 1928",
        "dc.date.reprint": [
            "DecemberAgrahayana 1929",
            "FebruaryMagha 1930",
            "JanuaryMagha 1931",
            "JanuaryMagha 1932",
            "JanuaryMagha 1933",
            "NovemberKartika 1934",
            "NovemberKartika 1935",
            "JanuaryPausa 1936",
            "DecemberPausa 1937",
            "JanuaryPausa 1938"
        ]
    },
    "dc.format.extent": {
        "PageCount": "13",
        "size_in_Bytes": "2163088 byt"
    },
    "dc.description.toc": {
        "Chapter 1: DEVELOPMENT ": "2",
        "Chapter 2: SECTORS OF THE INDIAN ECONOMY ": "18",
        "Chapter 3: MONEY AND CREDIT ": "38",
        "Chapter 4: GLOBALISATION AND THE INDIAN ECONOMY ": "54",
        "Chapter 5: 5.1 CONSUMER RIGHTS": "90",
        "5.2 Suggested Readings": "90"
    },
    "dc.subject.ddc": {
        "level1": {
            "300": "Social sciences",
            "800": "Literature"
        },
        "level2": {
            "320": "Political science",
            "300": "Social sciences, sociology &amp; anthropology"
        },
        "level3": {}
    },
    "dc.description.searchVisibility": "TRUE",
    "dc.format.mimetype": "application/pdf",
    "dc.type": "text",
    "dc.language": "eng",
    "dc.contributor.advisosr": "",
    "dc.contributor.author": "",
    "dc.identifier.uri": "",
    "dc.publisher.date": "",
    "dc.publisher.place": "",
    "dc.relation.referenences": "",
    "dc.relation.haspart[]": "",
    "dc.relation.ispartof": "",
    "dc.relation.ispartofseries": "",
    "dc.relation.requires[]": "PDFviewer Plugin",
    "dc.rights.accessrights": "Open",
    "dc.source.uri": "http://www.ncert.nic.in/",
    "dc.source": "NCERT",
    "dc.subject.prerequisitetopic[]": "",
    "dc.title.alternative": "",
    "lrmi.educationalAlignment.educationalFramework": "Central Board of Secondary Education (CBSE)",
    "lrmi.educationalAlignment.difficultyLevel[]": "medium",
    "lrmi.educationalAlignment.educationLevel": "high school",
    "lrmi.educationalRole[]": "student",
    "lrmi.educationalUse[]": "reading",
    "lrmi.interactivityType[]": "expositive",
    "lrmi.learningResourceType[]": "book",
    "lrmi.typicalAgeRange[]": "13-17"
}