{
    "dc.title": "H  neyc  mb I I",
    "dc.description.abstract": [
        "T E X T B O O K   I N   E N G L I S H",
        "F O R   C L A S S   V"
    ],
    "dcterm.educationlevel": "",
    "dc.identifier.isbn": "8174506764",
    "dc.date.copyright": "2007",
    "dc.contributor.editor": "Uppal,Shveta||Sankarnarayanan,Vijayam",
    "dc.contributor.illustrator": "Chawla,Arvinder||Shaligram,Bhushan",
    "dc.date.created": "   Fri Dec 16 19:57:36 2016 DST",
    "dc.date.publication": {
        "dc.date.firstPublication": "FebruaryPhalguna 1928",
        "dc.date.reprint": [
            "OctoberKartika 1929",
            "MarchPhalguna 1930",
            "JanuaryMagha 1931",
            "NovemberKartika 1932",
            "JanuaryMagha 1933",
            "DecemberAgrahayana 1934",
            "OctoberAsvina 1935",
            "NovemberAgrahayana 1936",
            "DecemberAgrahayana 1937",
            "DecemberPausa 1938"
        ]
    },
    "dc.format.extent": {
        "PageCount": "8",
        "size_in_Bytes": "4440137 byt"
    },
    "dc.description.toc": {
        "1.: Three Questions ... The Squirrel ... ": "7",
        "2.: A Gift of Chappals ... The Rebel ... ": "18",
        "3.: 3.1 Gopal and the Hilsa Fish ... The Shed ... ": "36",
        "3.2 NOTES FOR THE TEACHER (UNITS  ') ... ": "36",
        "4.: The Ashes That Made Trees Bloom ... Chivvy ... ": "55",
        "5.: Quality ... Trees ... ": "71",
        "6.: Expert Detectives ... Mystery of the Talking Fan ... ": "85",
        "7.: 7.1 The Invention of Vita-Wonk ... Dad and the Cat and the Tree ... ": "99",
        "7.2 NOTES FOR THE TEACHER (UNITS ') ... ": "99",
        "8.: Fire: Friend and Foe ... Meadow Surprises ... ": "114",
        "9.: A Bicycle in Good Repair ... Garden Snake ... ": "126",
        "10.: The Story of Cricket ... ": "139"
    },
    "dc.subject.ddc": {
        "level1": {
            "800": "Literature",
            "200": "Religion"
        },
        "level2": {
            "830": "German &amp; related literatures",
            "820": "English &amp; Old English literatures",
            "800": "Literature, rhetoric &amp; criticism",
            "810": "American literature in English"
        },
        "level3": {}
    },
    "dc.description.searchVisibility": "TRUE",
    "dc.format.mimetype": "application/pdf",
    "dc.type": "text",
    "dc.language": "eng",
    "dc.contributor.advisosr": "",
    "dc.contributor.author": "",
    "dc.identifier.uri": "",
    "dc.publisher.date": "",
    "dc.publisher.place": "",
    "dc.relation.referenences": "",
    "dc.relation.haspart[]": "",
    "dc.relation.ispartof": "",
    "dc.relation.ispartofseries": "",
    "dc.relation.requires[]": "PDFviewer Plugin",
    "dc.rights.accessrights": "Open",
    "dc.source.uri": "http://www.ncert.nic.in/",
    "dc.source": "NCERT",
    "dc.subject.prerequisitetopic[]": "",
    "dc.title.alternative": "",
    "lrmi.educationalAlignment.educationalFramework": "Central Board of Secondary Education (CBSE)",
    "lrmi.educationalAlignment.difficultyLevel[]": "",
    "lrmi.educationalAlignment.educationLevel": "",
    "lrmi.educationalRole[]": "student",
    "lrmi.educationalUse[]": "reading",
    "lrmi.interactivityType[]": "expositive",
    "lrmi.learningResourceType[]": "book",
    "lrmi.typicalAgeRange[]": ""
}