{
    "dc.title": "Moments",
    "dc.description.abstract": "Supplementary Reader in English for Class IX",
    "dcterm.educationlevel": "IX",
    "dc.identifier.isbn": "8174505032",
    "dc.date.copyright": "2006",
    "dc.contributor.editor": "Uppal,Shveta||Sankaranarayanan,Vijayam",
    "dc.contributor.illustrator": "Shaligram,Bhushan||Wadhwa,Nidhi",
    "dc.date.created": "   Mon Dec 26 16:52:43 2016 DST",
    "dc.date.publication": {
        "dc.date.firstPublication": "FebruaryPhalguna 1927",
        "dc.date.reprint": [
            "NovemberKartika 1928",
            "OctoberKartika 1929",
            "DecemberAgrahayana 1931",
            "NovemberKartika 1932",
            "JanuaryPausa 1933",
            "DecemberAgrahayana 1934",
            "NovemberKartika 1935",
            "DecemberPausa 1936",
            "DecemberAgrahayana 1937",
            "DecemberPausa 1938"
        ]
    },
    "dc.format.extent": {
        "PageCount": "11",
        "size_in_Bytes": "3093668 byt"
    },
    "dc.description.toc": {
        "1.: The Lost Child . . . . .  Mulk Raj Anand": "1",
        "2.: The Adventures of Toto  . . . . .  Ruskin Bond": "7",
        "3.: Iswaran the Storyteller . . . . .  R. K. Laxman": "12",
        "4.: In the Kingdom of Fools . . . . .  Kannada Folktale (ed.) A. K. Ramanujan": "19",
        "5.: The Happy Prince . . . . .  Oscar Wilde": "28",
        "6.: Weathering the Storm in Ersama . . . . .  Harsh Mander": "37",
        "7.: The Last Leaf . . . . . O. Henry": "44",
        "8.: A House Is Not a Home . . . . .  Zan Gaudioso": "49",
        "9.: The Accidental Tourist . . . . .  Bill Bryson": "56",
        "10.: The Beggar . . . . .  Anton Chekhov": "62"
    },
    "dc.subject.ddc": {
        "level1": {
            "800": "Literature"
        },
        "level2": {
            "830": "German &amp; related literatures",
            "820": "English &amp; Old English literatures",
            "800": "Literature, rhetoric &amp; criticism"
        },
        "level3": {}
    },
    "dc.description.searchVisibility": "TRUE",
    "dc.format.mimetype": "application/pdf",
    "dc.type": "text",
    "dc.language": "eng",
    "dc.contributor.advisosr": "",
    "dc.contributor.author": "",
    "dc.identifier.uri": "",
    "dc.publisher.date": "",
    "dc.publisher.place": "",
    "dc.relation.referenences": "",
    "dc.relation.haspart[]": "",
    "dc.relation.ispartof": "",
    "dc.relation.ispartofseries": "",
    "dc.relation.requires[]": "PDFviewer Plugin",
    "dc.rights.accessrights": "Open",
    "dc.source.uri": "http://www.ncert.nic.in/",
    "dc.source": "NCERT",
    "dc.subject.prerequisitetopic[]": "",
    "dc.title.alternative": "",
    "lrmi.educationalAlignment.educationLevel": "IX",
    "lrmi.educationalAlignment.educationalFramework": "Central Board of Secondary Education (CBSE)",
    "lrmi.educationalRole[]": "student",
    "lrmi.educationalUse[]": "reading",
    "lrmi.interactivityType[]": "expositive",
    "lrmi.learningResourceType[]": "book",
    "lrmi.typicalAgeRange[]": "12-16"
}