{
    "dc.title": "FUNDAMENTALS PHYSICAL GEOGRAPHY",
    "dc.description.abstract": "TEXTBOOK FOR CLASS XI",
    "dcterm.educationlevel": "XI",
    "dc.identifier.isbn": "8174505180",
    "dc.date.copyright": "2006",
    "dc.contributor.editor": "Uppal,Shveta||Bhardwaj,R.N.",
    "dc.contributor.illustrator": "Kumar,Dilip||Rao,Shweta||Wadhwa,Nidhi",
    "dc.date.created": "   Thu Mar  2 15:49:47 2017 DST",
    "dc.date.publication": {
        "dc.date.firstPublication": "MarchPhalguna 1927",
        "dc.date.reprint": [
            "OctoberKartika 1928",
            "NovemberKartika 1929",
            "DecemberPausa 1930",
            "JanuaryPausa 1931",
            "JanuaryMagha 1932",
            "MarchPhalguna 1933",
            "JanuaryMagha 1934",
            "NovemberKartika 1935",
            "DecemberPausa 1936",
            "DecemberPausa 1937",
            "MarchPhalguna 1938"
        ]
    },
    "dc.format.extent": {
        "PageCount": "8",
        "size_in_Bytes": "166375 byt"
    },
    "dc.description.toc": {
        "1.: Geography as a Discipline UNIT II : THE EARTH -": "2",
        "2.: The Origin and Evolution of the Earth ": "14",
        "3.: Interior of the Earth ": "21",
        "4.: Distribution of Oceans and Continents UNIT III : LANDFORMS -": "30",
        "5.: Minerals and Rocks ": "40",
        "6.: Geomorphic Processes ": "45",
        "7.: Landforms and their Evolution UNIT IV : CLIMATE -": "58",
        "8.: Composition and Structure of Atmosphere ": "76",
        "9.: Solar Radiation, Heat Balance and Temperature ": "79",
        "10.: Atmospheric Circulation and Weather Systems ": "88",
        "11.: Water in the Atmosphere ": "98",
        "12.: World Climate and Climate Change UNIT V : WATER (OCEANS) -": "103",
        "13.: Water (Oceans) ": "112",
        "14.: Movements of Ocean Water UNIT VI : LIFE ON THE EARTH -": "120",
        "15.: Life on the Earth ": "127",
        "16.: Biodiversity and Conservation GLOSSARY -": "135"
    },
    "dc.subject.ddc": {
        "level1": {
            "500": "Science",
            "900": "History &amp; geography"
        },
        "level2": {
            "550": "Earth sciences &amp; geology",
            "500": "Science"
        },
        "level3": {
            "550": "Earth sciences",
            "551": "Geology, hydrology &amp; meteorology"
        }
    },
    "dc.description.searchVisibility": "TRUE",
    "dc.format.mimetype": "application/pdf",
    "dc.type": "text",
    "dc.language": "eng",
    "dc.contributor.advisosr": "",
    "dc.contributor.author": "",
    "dc.identifier.uri": "",
    "dc.publisher.date": "",
    "dc.publisher.place": "",
    "dc.relation.referenences": "",
    "dc.relation.haspart[]": "",
    "dc.relation.ispartof": "",
    "dc.relation.ispartofseries": "",
    "dc.relation.requires[]": "PDFviewer Plugin",
    "dc.rights.accessrights": "Open",
    "dc.source.uri": "http://www.ncert.nic.in/",
    "dc.source": "NCERT",
    "dc.subject.prerequisitetopic[]": "",
    "dc.title.alternative": "",
    "lrmi.educationalAlignment.educationLevel": "XI",
    "lrmi.educationalAlignment.educationalFramework": "Central Board of Secondary Education (CBSE)",
    "lrmi.educationalRole[]": "student",
    "lrmi.educationalUse[]": "reading",
    "lrmi.interactivityType[]": "expositive",
    "lrmi.learningResourceType[]": "book",
    "lrmi.typicalAgeRange[]": "14-18"
}