{
    "dc.title": "Mathematics",
    "dc.description.abstract": "TEXTBOOK FOR CLASS VI",
    "dcterm.educationlevel": "VI",
    "dc.identifier.isbn": "8174504826",
    "dc.date.copyright": "2006",
    "dc.contributor.editor": "Uppal,Shveta||Sutar,Bijnan",
    "dc.contributor.illustrator": "Inamdar,Anagha||Rao,Shweta||Soni,Prashant",
    "dc.date.created": "   Wed Dec 21 15:47:46 2016 DST",
    "dc.date.publication": {
        "dc.date.firstPublication": "FebruaryPhalguna 1927",
        "dc.date.reprint": [
            "JanuaryMagha 1928",
            "DecemberAgrahayana 1929",
            "JanuaryPausa 1930",
            "NovemberAgrahayana 1931",
            "NovemberKartika 1932",
            "JanuaryMagha 1933",
            "DecemberPausa 1934",
            "NovemberKartika 1935",
            "DecemberPausa 1936",
            "DecemberAgrahayana 1937",
            "DecemberPausa 1938"
        ]
    },
    "dc.format.extent": {
        "PageCount": "12",
        "size_in_Bytes": "1990462 byt"
    },
    "dc.description.toc": {
        "CHAPTER  1: KNOWING OUR NUMBERS ": "1",
        "CHAPTER  2: WHOLE NUMBERS ": "28",
        "CHAPTER  3: PLAYING WITH NUMBERS ": "46",
        "CHAPTER  4: BASIC GEOMETRICAL IDEAS ": "69",
        "CHAPTER  5: UNDERSTANDING ELEMENTARY SHAPES ": "86",
        "CHAPTER  6: INTEGERS ": "113",
        "CHAPTER  7: FRACTIONS ": "133",
        "CHAPTER  8: DECIMALS ": "164",
        "CHAPTER  9: DATA HANDLING ": "184",
        "CHAPTER  10: MENSURATION ": "205",
        "CHAPTER  11: ALGEBRA ": "221",
        "CHAPTER  12: RATIO AND PROPORTION ": "244",
        "CHAPTER  13: SYMMETRY ": "261",
        "CHAPTER  14: 14.1 PRACTICAL GEOMETRY ANSWERS ": "274",
        "14.2 BRAIN-TEASERS ": "274"
    },
    "dc.subject.ddc": {
        "level1": {
            "500": "Science",
            "700": "Arts &amp; recreation"
        },
        "level2": {
            "510": "Mathematics"
        },
        "level3": {
            "511": "General principles of mathematics",
            "519": "Probabilities &amp; applied mathematics",
            "514": "Topology"
        }
    },
    "dc.description.searchVisibility": "TRUE",
    "dc.format.mimetype": "application/pdf",
    "dc.type": "text",
    "dc.language": "eng",
    "dc.contributor.advisosr": "",
    "dc.contributor.author": "",
    "dc.identifier.uri": "",
    "dc.publisher.date": "",
    "dc.publisher.place": "",
    "dc.relation.referenences": "",
    "dc.relation.haspart[]": "",
    "dc.relation.ispartof": "",
    "dc.relation.ispartofseries": "",
    "dc.relation.requires[]": "PDFviewer Plugin",
    "dc.rights.accessrights": "Open",
    "dc.source.uri": "http://www.ncert.nic.in/",
    "dc.source": "NCERT",
    "dc.subject.prerequisitetopic[]": "",
    "dc.title.alternative": "",
    "lrmi.educationalAlignment.educationLevel": "VI",
    "lrmi.educationalAlignment.educationalFramework": "Central Board of Secondary Education (CBSE)",
    "lrmi.educationalRole[]": "student",
    "lrmi.educationalUse[]": "reading",
    "lrmi.interactivityType[]": "expositive",
    "lrmi.learningResourceType[]": "book",
    "lrmi.typicalAgeRange[]": "9-13"
}