{
    "dc.title": "BUSINESS STUDIES PART II Business Finance and Marketing",
    "dc.description.abstract": "Textbook for Class XII",
    "dcterm.educationlevel": "XII",
    "dc.identifier.isbn": "8174507566",
    "dc.date.copyright": "2007",
    "dc.contributor.editor": "Uppal,Shveta||Joshi,Vineet",
    "dc.contributor.illustrator": "Lal,Suresh||Rao,Shweta",
    "dc.date.created": "   Tue Jan 10 16:49:40 2017 DST",
    "dc.date.publication": {
        "dc.date.firstPublication": "MayJyaistha 1929",
        "dc.date.reprint": [
            "FebruaryMagha 1929",
            "MarchChaitra 1929",
            "JanuaryMagha 1931",
            "JanuaryMagha 1932",
            "JanuaryMagha 1933",
            "January",
            "NovemberKartika 1935",
            "JanuaryMagha 1936",
            "MayVaishakha 1938",
            "DecemberPausa 1938"
        ]
    },
    "dc.format.extent": {
        "PageCount": "11",
        "size_in_Bytes": "1398891 byt"
    },
    "dc.description.toc": {
        "CHAPTER 1: NATURE AND SIGNIFICANCE OF MANAGEMENT ": "1",
        "CHAPTER 2: PRINCIPLES OF MANAGEMENT ": "31",
        "CHAPTER 3: BUSINESS ENVIRONMENT ": "72",
        "CHAPTER 4: PLANNING ": "95",
        "CHAPTER 5: ORGANISING ": "112",
        "CHAPTER 6: STAFFING ": "146",
        "CHAPTER 7: DIRECTING ": "178",
        "CHAPTER 8: CONTROLLING FOREWORD iii": "215",
        "CHAPTER 9: FINANCIAL MANAGEMENT ": "237",
        "CHAPTER 10: FINANCIAL MARKETS ": "267",
        "CHAPTER 11: MARKETING ": "296",
        "CHAPTER 12: CONSUMER PROTECTION ": "369",
        "CHAPTER 13: ENTREPRENEURSHIP DEVELOPMENT ": "388"
    },
    "dc.subject.ddc": {
        "level1": {
            "700": "Arts &amp; recreation",
            "300": "Social sciences",
            "900": "History &amp; geography"
        },
        "level2": {
            "710": "Landscaping &amp; area planning",
            "790": "Sports, games &amp; entertainment"
        },
        "level3": {}
    },
    "dc.description.searchVisibility": "TRUE",
    "dc.format.mimetype": "application/pdf",
    "dc.type": "text",
    "dc.language": "eng",
    "dc.contributor.advisosr": "",
    "dc.contributor.author": "",
    "dc.identifier.uri": "",
    "dc.publisher.date": "",
    "dc.publisher.place": "",
    "dc.relation.referenences": "",
    "dc.relation.haspart[]": "",
    "dc.relation.ispartof": "",
    "dc.relation.ispartofseries": "",
    "dc.relation.requires[]": "PDFviewer Plugin",
    "dc.rights.accessrights": "Open",
    "dc.source.uri": "http://www.ncert.nic.in/",
    "dc.source": "NCERT",
    "dc.subject.prerequisitetopic[]": "",
    "dc.title.alternative": "",
    "lrmi.educationalAlignment.educationLevel": "XII",
    "lrmi.educationalAlignment.educationalFramework": "Central Board of Secondary Education (CBSE)",
    "lrmi.educationalRole[]": "student",
    "lrmi.educationalUse[]": "reading",
    "lrmi.interactivityType[]": "expositive",
    "lrmi.learningResourceType[]": "book",
    "lrmi.typicalAgeRange[]": "15-19"
}