{
    "dc.title": "CONTEMPORARY WORLD POLITICS",
    "dc.description.abstract": "TEXTBOOK IN POLITICAL SCIENCE FOR CLASS XII",
    "dcterm.educationlevel": "XII",
    "dc.identifier.isbn": "8174506934",
    "dc.date.copyright": "2007",
    "dc.contributor.editor": "Uppal,Shveta||Sutar,Bijnan",
    "dc.contributor.illustrator": "Rao,Shweta",
    "dc.date.created": "   Fri Feb 17 16:18:05 2017 DST",
    "dc.date.publication": {
        "dc.date.firstPublication": "FebruaryPhalguna 1928",
        "dc.date.reprint": [
            "JanuaryPausa 1929",
            "MarchPhalguna 1930",
            "JanuaryMagha 1931",
            "MarchPhalguna 1934",
            "JanuaryMagha 1935",
            "DecemberPausa 1936",
            "JanuaryPausa 1937",
            "FebruaryMagha 1938"
        ]
    },
    "dc.format.extent": {
        "PageCount": "10",
        "size_in_Bytes": "159624 byt"
    },
    "dc.description.toc": {
        "Chapter 1: The Cold War Era ": "1",
        "Chapter 2: The End of Bipolarity ": "17",
        "Chapter 3: US Hegemony in World Politics ": "31",
        "Chapter 4: Alternative Centres of Power ": "51",
        "Chapter 5: Contemporary South Asia ": "65",
        "Chapter 6: International Organisations ": "81",
        "Chapter 7: Security in the Contemporary World ": "99",
        "Chapter 8: Environment and Natural Resources ": "117",
        "Chapter 9: Globalisation ": "135"
    },
    "dc.subject.ddc": {
        "level1": {
            "900": "History &amp; geography"
        },
        "level2": {
            "900": "History",
            "910": "Geography &amp; travel",
            "940": "History of Europe"
        },
        "level3": {}
    },
    "dc.description.searchVisibility": "TRUE",
    "dc.format.mimetype": "application/pdf",
    "dc.type": "text",
    "dc.language": "eng",
    "dc.contributor.advisosr": "",
    "dc.contributor.author": "",
    "dc.identifier.uri": "",
    "dc.publisher.date": "",
    "dc.publisher.place": "",
    "dc.relation.referenences": "",
    "dc.relation.haspart[]": "",
    "dc.relation.ispartof": "",
    "dc.relation.ispartofseries": "",
    "dc.relation.requires[]": "PDFviewer Plugin",
    "dc.rights.accessrights": "Open",
    "dc.source.uri": "http://www.ncert.nic.in/",
    "dc.source": "NCERT",
    "dc.subject.prerequisitetopic[]": "",
    "dc.title.alternative": "",
    "lrmi.educationalAlignment.educationLevel": "XII",
    "lrmi.educationalAlignment.educationalFramework": "Central Board of Secondary Education (CBSE)",
    "lrmi.educationalRole[]": "student",
    "lrmi.educationalUse[]": "reading",
    "lrmi.interactivityType[]": "expositive",
    "lrmi.learningResourceType[]": "book",
    "lrmi.typicalAgeRange[]": "15-19"
}