{
    "dc.title": "Social Change and Development in India",
    "dc.description.abstract": "TEXTBOOK IN SOCIOLOGY FOR CLASS XII",
    "dcterm.educationlevel": "XII",
    "dc.identifier.isbn": "8174507280",
    "dc.date.copyright": "2007",
    "dc.contributor.editor": "Uppal,Shveta||Bhardwaj,R.N.",
    "dc.contributor.illustrator": "Fish,Blue||Gill,Joel||Rao,Shweta",
    "dc.date.created": "   Thu Feb 16 20:58:23 2017 DST",
    "dc.date.publication": {
        "dc.date.firstPublication": "April",
        "dc.date.reprint": [
            "NovemberKartika 1929",
            "DecemberPausa 1930",
            "JanuaryMagha 1931",
            "JanuaryMagha 1932",
            "JanuaryMagha 1933",
            "May",
            "NovemberKartika 1935",
            "DecemberPausa 1936",
            "JanuaryPausa 1937",
            "FebruaryMagha 1938"
        ]
    },
    "dc.format.extent": {
        "PageCount": "9",
        "size_in_Bytes": "2040345 byt"
    },
    "dc.description.toc": {
        "Chapter 1: Structural Change": "1 - 16",
        "Chapter 2: Cultural Change": "17-34",
        "Chapter 3: The Story of Indian Democracy": "35-54",
        "Chapter 4: Change and Development in Rural Society": "55-72",
        "Chapter 5: Change and Development in Industrial Society": "73-90",
        "Chapter 6: Globalisation and Social Change": "91-112",
        "Chapter 7: Mass Media and Communications": "113-134",
        "Chapter 8: 8.1 Social Movements": "135-160",
        "8.2 Glossary -": "135-160"
    },
    "dc.subject.ddc": {
        "level1": {
            "300": "Social sciences",
            "900": "History &amp; geography"
        },
        "level2": {
            "300": "Social sciences, sociology &amp; anthropology",
            "390": "Customs, etiquette &amp; folklore"
        },
        "level3": {
            "300": "Social sciences",
            "301": "Sociology &amp; anthropology",
            "302": "Social interaction"
        }
    },
    "dc.description.searchVisibility": "TRUE",
    "dc.format.mimetype": "application/pdf",
    "dc.type": "text",
    "dc.language": "eng",
    "dc.contributor.advisosr": "",
    "dc.contributor.author": "",
    "dc.identifier.uri": "",
    "dc.publisher.date": "",
    "dc.publisher.place": "",
    "dc.relation.referenences": "",
    "dc.relation.haspart[]": "",
    "dc.relation.ispartof": "",
    "dc.relation.ispartofseries": "",
    "dc.relation.requires[]": "PDFviewer Plugin",
    "dc.rights.accessrights": "Open",
    "dc.source.uri": "http://www.ncert.nic.in/",
    "dc.source": "NCERT",
    "dc.subject.prerequisitetopic[]": "",
    "dc.title.alternative": "",
    "lrmi.educationalAlignment.educationLevel": "XII",
    "lrmi.educationalAlignment.educationalFramework": "Central Board of Secondary Education (CBSE)",
    "lrmi.educationalRole[]": "student",
    "lrmi.educationalUse[]": "reading",
    "lrmi.interactivityType[]": "expositive",
    "lrmi.learningResourceType[]": "book",
    "lrmi.typicalAgeRange[]": "15-19"
}