{
    "dc.title": "SCIENCE",
    "dc.description.abstract": "TEXTBOOK FOR CLASS VI",
    "dcterm.educationlevel": "VI",
    "dc.identifier.isbn": "8174505121",
    "dc.date.copyright": "2006",
    "dc.contributor.editor": "Uppal,Shveta||Sutar,Bijnan",
    "dc.contributor.illustrator": "Rao,Shweta||Tyagi,Ashwani",
    "dc.date.created": "   Wed Feb  1 17:37:20 2017 DST",
    "dc.date.publication": {
        "dc.date.firstPublication": "MarchPhalguna 1927",
        "dc.date.reprint": [
            "DecemberPausa 1928",
            "FebruaryMagha 1929",
            "JanuaryPausa 1930",
            "NovemberAgrahayana 1931",
            "NovemberKartika 1932",
            "JanuaryMagha 1933",
            "OctoberKartika 1935",
            "DecemberPausa 1936",
            "DecemberAgrahayana 1937",
            "JanuaryMagha 1938"
        ]
    },
    "dc.format.extent": {
        "PageCount": "12",
        "size_in_Bytes": "2746887 byt"
    },
    "dc.description.toc": {
        "C H A P T E R    1: FOOD: WHERE DOES IT COME FROM? ": "1",
        "C  H  A  P  T  E  R      2: COMPONENTS OF FOOD ": "8",
        "C  H  A  P  T  E  R     3: FIBRE TO FABRIC ": "18",
        "C  H  A  P  T  E  R      4: SORTING MATERIALS INTO GROUPS ": "26",
        "C  H  A  P  T  E  R      5: SEPARATION OF SUBSTANCES ": "35",
        "C  H  A  P  T  E  R      6: CHANGES AROUND US ": "46",
        "C  H  A  P  T  E  R      7: GETTING TO KNOW PLANTS ": "52",
        "C  H  A  P  T  E  R      8: BODY MOVEMENTS ": "66",
        "C  H  A  P  T  E  R      9: THE LIVING ORGANISMS AND THEIR SURROUNDINGS ": "79",
        "C  H  A  P  T  E  R      10: MOTION AND MEASUREMENT OF DISTANCES ": "95",
        "C  H  A  P  T  E  R      11: LIGHT, SHADOWS AND REFLECTIONS ": "107",
        "C  H  A  P  T  E  R      12: ELECTRICITY AND CIRCUITS ": "116"
    },
    "dc.subject.ddc": {
        "level1": {
            "600": "Technology",
            "800": "Literature"
        },
        "level2": {
            "630": "Agriculture",
            "660": "Chemical engineering"
        },
        "level3": {}
    },
    "dc.description.searchVisibility": "TRUE",
    "dc.format.mimetype": "application/pdf",
    "dc.type": "text",
    "dc.language": "eng",
    "dc.contributor.advisosr": "",
    "dc.contributor.author": "",
    "dc.identifier.uri": "",
    "dc.publisher.date": "",
    "dc.publisher.place": "",
    "dc.relation.referenences": "",
    "dc.relation.haspart[]": "",
    "dc.relation.ispartof": "",
    "dc.relation.ispartofseries": "",
    "dc.relation.requires[]": "PDFviewer Plugin",
    "dc.rights.accessrights": "Open",
    "dc.source.uri": "http://www.ncert.nic.in/",
    "dc.source": "NCERT",
    "dc.subject.prerequisitetopic[]": "",
    "dc.title.alternative": "",
    "lrmi.educationalAlignment.educationLevel": "VI",
    "lrmi.educationalAlignment.educationalFramework": "Central Board of Secondary Education (CBSE)",
    "lrmi.educationalRole[]": "student",
    "lrmi.educationalUse[]": "reading",
    "lrmi.interactivityType[]": "expositive",
    "lrmi.learningResourceType[]": "book",
    "lrmi.typicalAgeRange[]": "9-13"
}