{
    "dc.title": "SCIENCE",
    "dc.description.abstract": "TEXTBOOK FOR CLASS VIII",
    "dcterm.educationlevel": "VIII",
    "dc.identifier.isbn": "9788174508126",
    "dc.date.copyright": "2008",
    "dc.contributor.editor": "Uppal,Shveta||Chadha,Shashi",
    "dc.contributor.illustrator": "Tyagi,Ashwani",
    "dc.date.created": "   Tue Feb 28 21:55:07 2017 DST",
    "dc.date.publication": {
        "dc.date.firstPublication": "JanuaryMagha 1929",
        "dc.date.reprint": [
            "DecemberPausa 1930",
            "JanuaryMagha 1931",
            "NovemberKartika 1932",
            "JanuaryMagha 1933",
            "NovemberKartika 1934",
            "OctoberAsvina 1935",
            "DecemberPausa 1936",
            "December",
            "FebruaryMagha 1938"
        ]
    },
    "dc.format.extent": {
        "PageCount": "14",
        "size_in_Bytes": "1994839 byt"
    },
    "dc.description.toc": {
        "Chapter 1: CROP PRODUCTION AND MANAGEMENT ": "1",
        "Chapter 2: MICROORGANISMS : FRIEND AND FOE ": "17",
        "Chapter 3: SYNTHETIC FIBRES AND PLASTICS ": "32",
        "Chapter 4: MATERIALS : METALS AND NON-METALS ": "44",
        "Chapter 5: COAL AND PETROLEUM ": "56",
        "Chapter 6: COMBUSTION AND FLAME ": "64",
        "Chapter 7: CONSERVATION OF PLANTS AND ANIMALS ": "77",
        "Chapter 8: CELL \u2014 STRUCTURE AND FUNCTIONS ": "90",
        "Chapter 9: 9.1 CONTENTS CONTENTS": "100",
        "9.2 REPRODUCTION IN ANIMALS": "100",
        "Chapter 10: REACHING THE AGE OF ADOLESCENCE xii": "113",
        "Chapter 11: FORCE AND PRESSURE ": "127",
        "Chapter 12: FRICTION ": "146",
        "Chapter 13: SOUND ": "157",
        "Chapter 14: CHEMICAL EFFECTS OF ELECTRIC CURRENT ": "172",
        "Chapter 15: SOME NATURAL PHENOMENA ": "184",
        "Chapter 16: LIGHT ": "199",
        "Chapter 17: STARS AND THE SOLAR SYSTEM ": "215",
        "Chapter 18: 18.1 POLLUTION OF AIR AND WATER INDEX ": "239",
        "18.2 CONTENTS CONTENTS": "239"
    },
    "dc.subject.ddc": {
        "level1": {
            "600": "Technology",
            "500": "Science"
        },
        "level2": {
            "660": "Chemical engineering",
            "630": "Agriculture"
        },
        "level3": {
            "669": "Metallurgy"
        }
    },
    "dc.description.searchVisibility": "TRUE",
    "dc.format.mimetype": "application/pdf",
    "dc.type": "text",
    "dc.language": "eng",
    "dc.contributor.advisosr": "",
    "dc.contributor.author": "",
    "dc.identifier.uri": "",
    "dc.publisher.date": "",
    "dc.publisher.place": "",
    "dc.relation.referenences": "",
    "dc.relation.haspart[]": "",
    "dc.relation.ispartof": "",
    "dc.relation.ispartofseries": "",
    "dc.relation.requires[]": "PDFviewer Plugin",
    "dc.rights.accessrights": "Open",
    "dc.source.uri": "http://www.ncert.nic.in/",
    "dc.source": "NCERT",
    "dc.subject.prerequisitetopic[]": "",
    "dc.title.alternative": "",
    "lrmi.educationalAlignment.educationLevel": "VIII",
    "lrmi.educationalAlignment.educationalFramework": "Central Board of Secondary Education (CBSE)",
    "lrmi.educationalRole[]": "student",
    "lrmi.educationalUse[]": "reading",
    "lrmi.interactivityType[]": "expositive",
    "lrmi.learningResourceType[]": "book",
    "lrmi.typicalAgeRange[]": "11-15"
}