{
    "dc.title": "",
    "dc.description.abstract": [
        "Supplementary Reader in English for Class XI",
        "(Core Course)"
    ],
    "dcterm.educationlevel": "XI",
    "dc.identifier.isbn": "8174505563",
    "dc.date.copyright": "2006",
    "dc.contributor.editor": "Uppal,Shveta||Sankaranarayanan,Vijayam",
    "dc.contributor.illustrator": "Kumar,Rajeev||Rao,Shweta",
    "dc.date.created": "   Wed Dec 21 17:57:51 2016 DST",
    "dc.date.publication": {
        "dc.date.firstPublication": "AprilChaitra 1928",
        "dc.date.reprint": [
            "OctoberKartika 1928",
            "OctoberKartika 1929",
            "JanuaryPausa 1930",
            "JanuaryMagha 1931",
            "JuneJyaistha 1933",
            "FebruaryPhalguna 1933",
            "NovemberKartika 1934",
            "NovemberKartika 1935",
            "DecemberPausa 1936",
            "December",
            "OctoberKartika 1938"
        ]
    },
    "dc.format.extent": {
        "PageCount": "11",
        "size_in_Bytes": "1999358 byt"
    },
    "dc.description.toc": {
        "1.: 1.1 The Summer of the Beautiful": "1",
        "1.2 White Horse : William Saroyan": "1",
        "2.: The Address : Marga Minco": "10",
        "3.: Ranga's Marriage : Masti Venkatesha Iyengar": "16",
        "4.: Albert Einstein at School : Patrick Pringle": "25",
        "5.: Mother's Day : J.B. Priestley": "32",
        "6.: The Ghat of the Only World : Amitav Ghosh": "54",
        "7.: Birth : A.J. Cronin": "65",
        "8.: The Tale of Melon City : Vikram Seth": "71"
    },
    "dc.subject.ddc": {
        "level1": {
            "800": "Literature"
        },
        "level2": {
            "830": "German &amp; related literatures",
            "810": "American literature in English",
            "820": "English &amp; Old English literatures",
            "800": "Literature, rhetoric &amp; criticism"
        },
        "level3": {}
    },
    "dc.description.searchVisibility": "TRUE",
    "dc.format.mimetype": "application/pdf",
    "dc.type": "text",
    "dc.language": "eng",
    "dc.contributor.advisosr": "",
    "dc.contributor.author": "",
    "dc.identifier.uri": "",
    "dc.publisher.date": "",
    "dc.publisher.place": "",
    "dc.relation.referenences": "",
    "dc.relation.haspart[]": "",
    "dc.relation.ispartof": "",
    "dc.relation.ispartofseries": "",
    "dc.relation.requires[]": "PDFviewer Plugin",
    "dc.rights.accessrights": "Open",
    "dc.source.uri": "http://www.ncert.nic.in/",
    "dc.source": "NCERT",
    "dc.subject.prerequisitetopic[]": "",
    "dc.title.alternative": "",
    "lrmi.educationalAlignment.educationLevel": "XI",
    "lrmi.educationalAlignment.educationalFramework": "Central Board of Secondary Education (CBSE)",
    "lrmi.educationalRole[]": "student",
    "lrmi.educationalUse[]": "reading",
    "lrmi.interactivityType[]": "expositive",
    "lrmi.learningResourceType[]": "book",
    "lrmi.typicalAgeRange[]": "14-18"
}