{
    "dc.title": "Flamingo",
    "dc.description.abstract": [
        "Textbook in English for Class XII",
        "(Core Course)"
    ],
    "dcterm.educationlevel": "XII",
    "dc.identifier.isbn": "8174506500",
    "dc.date.copyright": "2007",
    "dc.contributor.editor": "Uppal,Shveta",
    "dc.contributor.illustrator": "Gill,Joel",
    "dc.date.created": "   Wed Dec 14 17:18:22 2016 DST",
    "dc.date.publication": {
        "dc.date.firstPublication": "JanuaryPausa 1928",
        "dc.date.reprint": [
            "JanuaryMagha 1930",
            "DecemberPausa 1931",
            "JanuaryMagha 1932",
            "JanuaryMagha 1933",
            "NovemberKartika 1934",
            "OctoberAsvina 1935",
            "DecemberPausa 1936",
            "December",
            "OctoberKartika 1938"
        ]
    },
    "dc.format.extent": {
        "PageCount": "10",
        "size_in_Bytes": "1538576 byt"
    },
    "dc.description.toc": {
        "1.: THE LAST LESSON Alphonse Daudet ": "2",
        "2.: LOST SPRING Anees Jung ": "13",
        "3.: DEEP WATER William  Douglas ": "23",
        "4.: THE RATTRAP Selma Lagerlof .. ": "32",
        "5.: INDIGO Louis Fischer ": "46",
        "6.: POETS AND PANCAKES Asokamitran ": "57",
        "7.: 7.1 THE INTERVIEW": "68",
        "7.2 PART I Christopher Silvester": "68",
        "7.3 PART II An Interview with Umberto Eco": "68",
        "8.: GOING PLACES A. R. Barton POETRY -": "77",
        "1.: MY MOTHER AT SIXTY-SIX Kamala Das ": "90",
        "2.: 2.1 LASSROOM": "92",
        "2.2  ELEMENTARY": "92",
        "2.3  IN A S": "92",
        "2.4 Stephen Spender": "92",
        "3.: KEEPING QUIET Pablo Neruda ": "95",
        "4.: A THING OF BEAUTY John Keats ": "98",
        "5.: A ROADSIDE STAND Robert Frost ": "100",
        "6.: AUNT JENNIFER'S TIGERS Adrienne Rich (ix)": "103"
    },
    "dc.subject.ddc": {
        "level1": {
            "800": "Literature",
            "500": "Science"
        },
        "level2": {
            "820": "English &amp; Old English literatures",
            "830": "German &amp; related literatures",
            "810": "American literature in English"
        },
        "level3": {}
    },
    "dc.description.searchVisibility": "TRUE",
    "dc.format.mimetype": "application/pdf",
    "dc.type": "text",
    "dc.language": "eng",
    "dc.contributor.advisosr": "",
    "dc.contributor.author": "",
    "dc.identifier.uri": "",
    "dc.publisher.date": "",
    "dc.publisher.place": "",
    "dc.relation.referenences": "",
    "dc.relation.haspart[]": "",
    "dc.relation.ispartof": "",
    "dc.relation.ispartofseries": "",
    "dc.relation.requires[]": "PDFviewer Plugin",
    "dc.rights.accessrights": "Open",
    "dc.source.uri": "http://www.ncert.nic.in/",
    "dc.source": "NCERT",
    "dc.subject.prerequisitetopic[]": "",
    "dc.title.alternative": "",
    "lrmi.educationalAlignment.educationLevel": "XII",
    "lrmi.educationalAlignment.educationalFramework": "Central Board of Secondary Education (CBSE)",
    "lrmi.educationalRole[]": "student",
    "lrmi.educationalUse[]": "reading",
    "lrmi.interactivityType[]": "expositive",
    "lrmi.learningResourceType[]": "book",
    "lrmi.typicalAgeRange[]": "15-19"
}