{
    "dc.title": "OUR PASTS-I Social Science",
    "dc.description.abstract": "TEXTBOOK IN HISTORY FOR CLASS VI",
    "dcterm.educationlevel": "VI",
    "dc.identifier.isbn": "8174504931",
    "dc.date.copyright": "2006",
    "dc.contributor.editor": "Uppal,Shveta||Banerjee,Benoy",
    "dc.contributor.illustrator": "Creations,Arrt",
    "dc.date.created": "   Fri Dec 16 20:03:07 2016 DST",
    "dc.date.publication": {
        "dc.date.firstPublication": "FebruaryPhalguna 1927",
        "dc.date.reprint": [
            "OctoberKartika 1928",
            "NovemberKartika 1929",
            "JanuaryPausa 1930",
            "JanuaryMagha 1931",
            "JanuaryMagha 1932",
            "JanuaryMagha 1933",
            "JanuaryPausa 1934",
            "OctoberKartika 1935",
            "DecemberPausa 1936",
            "FebruaryMagha 1937",
            "DecemberPausa 1938"
        ]
    },
    "dc.format.extent": {
        "PageCount": "13",
        "size_in_Bytes": "2865896 byt"
    },
    "dc.description.toc": {
        "1.: WHAT, WHERE, HOW AND WHEN? ": "1",
        "2.: ON THE TRAIL OF THE EARLIEST PEOPLE ": "11",
        "3.: FROM GATHERING TO GROWING FOOD ": "22",
        "4.: IN THE EARLIEST CITIES ": "32",
        "5.: WHAT BOOKS AND BURIALS TELL US ": "43",
        "6.: KINGDOMS, KINGS AND AN EARLY REPUBLIC ": "54",
        "7.: NEW QUESTIONS AND IDEAS ": "65",
        "8.: ASHOKA, THE EMPEROR WHO GAVE UP WAR ": "75",
        "9.: VITAL VILLAGES, THRIVING TOWNS ": "87",
        "10.: TRADERS, KINGS AND PILGRIMS ": "99",
        "11.: NEW EMPIRES AND KINGDOMS ": "111",
        "12.: BUILDINGS, PAINTINGS AND BOOKS ": "122"
    },
    "dc.subject.ddc": {
        "level1": {
            "900": "History &amp; geography"
        },
        "level2": {
            "940": "History of Europe",
            "900": "History"
        },
        "level3": {
            "941": "British Isles",
            "943": "Central Europe; Germany"
        }
    },
    "dc.description.searchVisibility": "TRUE",
    "dc.format.mimetype": "application/pdf",
    "dc.type": "text",
    "dc.language": "eng",
    "dc.contributor.advisosr": "",
    "dc.contributor.author": "",
    "dc.identifier.uri": "",
    "dc.publisher.date": "",
    "dc.publisher.place": "",
    "dc.relation.referenences": "",
    "dc.relation.haspart[]": "",
    "dc.relation.ispartof": "",
    "dc.relation.ispartofseries": "",
    "dc.relation.requires[]": "PDFviewer Plugin",
    "dc.rights.accessrights": "Open",
    "dc.source.uri": "http://www.ncert.nic.in/",
    "dc.source": "NCERT",
    "dc.subject.prerequisitetopic[]": "",
    "dc.title.alternative": "",
    "lrmi.educationalAlignment.educationLevel": "VI",
    "lrmi.educationalAlignment.educationalFramework": "Central Board of Secondary Education (CBSE)",
    "lrmi.educationalRole[]": "student",
    "lrmi.educationalUse[]": "reading",
    "lrmi.interactivityType[]": "expositive",
    "lrmi.learningResourceType[]": "book",
    "lrmi.typicalAgeRange[]": "9-13"
}