{
    "dc.title": "Chemistry Part II",
    "dc.description.abstract": "Textbook for Class XI",
    "dcterm.educationlevel": "XI",
    "dc.identifier.isbn": "8174505350",
    "dc.date.copyright": "2006",
    "dc.contributor.editor": "Uppal,Shveta||Banerjee,Binoy",
    "dc.contributor.illustrator": "Nayal,Anil||Rao,Shweta||Wadhwa,Nidhi",
    "dc.date.created": "   Thu Mar  2 18:32:38 2017 DST",
    "dc.date.publication": {
        "dc.date.firstPublication": "MarchPhalguna 1927",
        "dc.date.reprint": [
            "OctoberKartika 1928",
            "NovemberKartika 1929",
            "JanuaryMagha 1930",
            "DecemberPausa 1931",
            "NovemberKartika 1932",
            "January",
            "NovemberKartika 1934",
            "NovemberKartika 1935",
            "DecemberPausa 1936",
            "December"
        ]
    },
    "dc.format.extent": {
        "PageCount": "9",
        "size_in_Bytes": "147398 byt"
    },
    "dc.description.toc": {
        "Unit 8: 8.1 Redox Reactions . Classical Idea of Redox Reactions-Oxidation and Reduction Reactions . Redox Reactions in Terms of Electron Transfer Reactions ": "255",
        "8.2 . Oxidation Number ": "255",
        "8.3 . Redox Reactions and Electrode Processes ": "255",
        "Unit 9: 9.1 Hydrogen . Position of Hydrogen in the Periodic Table . Dihydrogen, H ": "276",
        "9.2 . Preparation of Dihydrogen, H ": "276",
        "9.3 . Properties of Dihydrogen ": "276",
        "9.4 . Hydrides ": "276",
        "9.5 . Water ": "276",
        "9.6 . Hydrogen Peroxide (HO) ": "276",
        "9.7 . Heavy Water, DO ": "276",
        "9.8 . Dihydrogen as a Fuel ": "276",
        "Unit 10: 10.1 The s-Block Elements . Group  Elements: Alkali Metals ": "291",
        "10.2 . General Characteristics of the Compounds of the Alkali Metals ": "291",
        "10.3 . Anomalous Properties of Lithium ": "291",
        "10.4 . Some Important Compounds of Sodium ": "291",
        "10.5 . Biological Importance of Sodium and Potassium ": "291",
        "10.6 . Group  Elements : Alkaline Earth Metals ": "291",
        "10.7 . General Characteristics of Compounds of the Alkaline Earth Metals ": "291",
        "10.8 . Anomalous  Behaviour of Beryllium ": "291",
        "10.9 . Some Important Compounds of Calcium ": "291",
        "10.10 . Biological Importance of Magnesium and Calcium ": "291",
        "Unit 11: 11.1 The p-Block Elements . Group  Elements: The Boron Family ": "307",
        "11.2 . Important Trends and Anomalous Properties of Boron ": "307",
        "11.3 ": "307",
        "11.4  (viii) CHEMISTRY": "307",
        "11.5 . Group  Elements: The Carbon Family ": "307",
        "11.6 . Important Trends and Anomalous Behaviour of Carbon ": "307",
        "11.7 . Allotropes of Carbon ": "307",
        "11.8 . Some Important Compounds of Carbon and Silicon ": "307",
        "Unit 12: 12.1 Organic Chemistry ' Some Basic Principles and Techniques . General Introduction . Tetravalence of Carbon: Shapes of Organic Compounds ": "326",
        "12.2 . Structural Representations of Organic Compounds ": "326",
        "12.3 . Classification of Organic Compounds ": "326",
        "12.4 . Nomenclature of Organic Compounds ": "326",
        "12.5 . Isomerism ": "326",
        "12.6 . Fundamental Concepts in Organic Reaction Mechanism ": "326",
        "12.7 . Methods of Purification of Organic Compounds ": "326",
        "12.8 . Qualitative Analysis  of Organic Compounds ": "326",
        "12.9 .  Quantitative Analysis ": "326",
        "Unit 13: 13.1 Hydrocarbons . Classification . Alkanes ": "365",
        "13.2 . Alkenes ": "365",
        "13.3 . Alkynes ": "365",
        "13.4 . Aromatic Hydrocarbon ": "365",
        "13.5 . Carcinogenicity and Toxicity ": "365",
        "Unit 14: 14.1 Environmental Chemistry . Environmental Pollution . Atmospheric Pollution ": "398",
        "14.2 . Water Pollution ": "398",
        "14.3 . Soil Pollution ": "398",
        "14.4 . Industrial Waste ": "398",
        "14.5 . Strategies to control Environmental Pollution ": "398",
        "14.6 . Green Chemistry ": "398",
        "14.7 Answers ": "398",
        "14.8 Index ": "398"
    },
    "dc.subject.ddc": {
        "level1": {
            "500": "Science"
        },
        "level2": {
            "540": "Chemistry"
        },
        "level3": {
            "540": "Chemistry &amp; allied sciences"
        }
    },
    "dc.description.searchVisibility": "TRUE",
    "dc.format.mimetype": "application/pdf",
    "dc.type": "text",
    "dc.language": "eng",
    "dc.contributor.advisosr": "",
    "dc.contributor.author": "",
    "dc.identifier.uri": "",
    "dc.publisher.date": "",
    "dc.publisher.place": "",
    "dc.relation.referenences": "",
    "dc.relation.haspart[]": "",
    "dc.relation.ispartof": "",
    "dc.relation.ispartofseries": "",
    "dc.relation.requires[]": "PDFviewer Plugin",
    "dc.rights.accessrights": "Open",
    "dc.source.uri": "http://www.ncert.nic.in/",
    "dc.source": "NCERT",
    "dc.subject.prerequisitetopic[]": "",
    "dc.title.alternative": "",
    "lrmi.educationalAlignment.educationLevel": "XI",
    "lrmi.educationalAlignment.educationalFramework": "Central Board of Secondary Education (CBSE)",
    "lrmi.educationalRole[]": "student",
    "lrmi.educationalUse[]": "reading",
    "lrmi.interactivityType[]": "expositive",
    "lrmi.learningResourceType[]": "book",
    "lrmi.typicalAgeRange[]": "14-18"
}