{
    "dc.title": "India Contemporary",
    "dc.description.abstract": "Textbook in Geography for Class X",
    "dcterm.educationlevel": "X",
    "dc.identifier.isbn": "8174506446",
    "dc.date.copyright": "2006",
    "dc.contributor.editor": "Uppal,Shveta||Bhardwaj,R.",
    "dc.contributor.illustrator": "Wadhwa,Nidhi",
    "dc.date.created": "   Fri Jan 12 16:31:15 2018 DST",
    "dc.date.publication": {
        "dc.date.firstPublication": "JanuaryAgrahayana 1928",
        "dc.date.reprint": [
            "DecemberAgrahayana 1929",
            "JanuaryMagha 1931",
            "JanuaryMagha 1932",
            "JanuaryMagha 1933",
            "DecemberAgrahayana 1934",
            "NovemberKartika 1935",
            "NovemberAgrahayana 1936",
            "DecemberPausa 1937",
            "DecemberPausa 1938",
            "JanuaryMagha 1939"
        ]
    },
    "dc.format.extent": {
        "PageCount": "10",
        "size_in_Bytes": "710020 byt"
    },
    "dc.description.toc": {
        "1.: Resources and Development ": "1",
        "2.: Forest and Wildlife Resources ": "14",
        "3.: Water Resources ": "23",
        "4.: Agriculture ": "34",
        "5.: Minerals and Energy Resources ": "50",
        "6.: Manufacturing Industries ": "65",
        "7.: 7.1 Lifelines of National Economy Appendix'I ": "81",
        "7.2 Appendix'II ": "81",
        "7.3 Appendix'III ": "81",
        "7.4 Glossary ": "81"
    },
    "dc.subject.ddc": {
        "level1": {
            "900": "History &amp; geography",
            "800": "Literature"
        },
        "level2": {
            "910": "Geography &amp; travel",
            "940": "History of Europe"
        },
        "level3": {}
    },
    "dc.description.searchVisibility": "TRUE",
    "dc.format.mimetype": "application/pdf",
    "dc.type": "text",
    "dc.language": "eng",
    "dc.contributor.advisosr": "",
    "dc.contributor.author": "",
    "dc.identifier.uri": "",
    "dc.publisher.date": "",
    "dc.publisher.place": "",
    "dc.relation.referenences": "",
    "dc.relation.haspart[]": "",
    "dc.relation.ispartof": "",
    "dc.relation.ispartofseries": "",
    "dc.relation.requires[]": "PDFviewer Plugin",
    "dc.rights.accessrights": "Open",
    "dc.source.uri": "http://www.ncert.nic.in/",
    "dc.source": "NCERT",
    "dc.subject.prerequisitetopic[]": "",
    "dc.title.alternative": "",
    "lrmi.educationalAlignment.educationLevel": "X",
    "lrmi.educationalAlignment.educationalFramework": "Central Board of Secondary Education (CBSE)",
    "lrmi.educationalRole[]": "student",
    "lrmi.educationalUse[]": "reading",
    "lrmi.interactivityType[]": "expositive",
    "lrmi.learningResourceType[]": "book",
    "lrmi.typicalAgeRange[]": "13-17"
}