{
    "dc.title": "Politics in India since  Independence",
    "dc.description.abstract": "TEXTBOOK IN POLITICAL SCIENCE FOR CLASS XII",
    "dcterm.educationlevel": "XII",
    "dc.identifier.isbn": "8174507639",
    "dc.date.copyright": "2007",
    "dc.contributor.editor": "Uppal,Shveta",
    "dc.contributor.illustrator": "Grafix,ARK||Rao,Shweta",
    "dc.date.created": "   Fri Feb 17 21:01:19 2017 DST",
    "dc.date.publication": {
        "dc.date.firstPublication": "JuneJyaistha 1928",
        "dc.date.reprint": [
            "FebruaryMagha 1929",
            "JanuaryPausa 1930",
            "JanuaryMagha 1931",
            "DecemberPausa 1932",
            "NovemberKartika 1934",
            "JanuaryMagha 1935",
            "DecemberPausa 1936",
            "DecemberPausa 1937",
            "FebruaryMagha 1938"
        ]
    },
    "dc.format.extent": {
        "PageCount": "13",
        "size_in_Bytes": "1046409 byt"
    },
    "dc.description.toc": {
        "Chapter 1: Challenges of Nation Building          ": "2",
        "Chapter 2: Era of One-party Dominance         ": "26",
        "Chapter 3: Politics of Planned Development          ": "46",
        "Chapter 4: India's External Relations          ": "64",
        "Chapter 5: Challenges to and Restoration of the Congress System         ": "82",
        "Chapter 6: The Crisis of Democratic Order        ": "102",
        "Chapter 7: Rise of Popular Movements        ": "128",
        "Chapter 8: Regional Aspirations         ": "148",
        "Chapter 9: Recent Developments in Indian Politics         ": "172"
    },
    "dc.subject.ddc": {
        "level1": {
            "300": "Social sciences",
            "900": "History &amp; geography"
        },
        "level2": {
            "320": "Political science",
            "300": "Social sciences, sociology &amp; anthropology"
        },
        "level3": {}
    },
    "dc.description.searchVisibility": "TRUE",
    "dc.format.mimetype": "application/pdf",
    "dc.type": "text",
    "dc.language": "eng",
    "dc.contributor.advisosr": "",
    "dc.contributor.author": "",
    "dc.identifier.uri": "",
    "dc.publisher.date": "",
    "dc.publisher.place": "",
    "dc.relation.referenences": "",
    "dc.relation.haspart[]": "",
    "dc.relation.ispartof": "",
    "dc.relation.ispartofseries": "",
    "dc.relation.requires[]": "PDFviewer Plugin",
    "dc.rights.accessrights": "Open",
    "dc.source.uri": "http://www.ncert.nic.in/",
    "dc.source": "NCERT",
    "dc.subject.prerequisitetopic[]": "",
    "dc.title.alternative": "",
    "lrmi.educationalAlignment.educationLevel": "XII",
    "lrmi.educationalAlignment.educationalFramework": "Central Board of Secondary Education (CBSE)",
    "lrmi.educationalRole[]": "student",
    "lrmi.educationalUse[]": "reading",
    "lrmi.interactivityType[]": "expositive",
    "lrmi.learningResourceType[]": "book",
    "lrmi.typicalAgeRange[]": "15-19"
}