{
    "dc.title": "Introductor Macroeconomics",
    "dc.description.abstract": "Textbook in Economics for Class XII",
    "dcterm.educationlevel": "XII",
    "dc.identifier.isbn": "8174507159",
    "dc.date.copyright": "2007",
    "dc.contributor.editor": "Uppal,Shveta||Bhardwaj,R.N.",
    "dc.contributor.illustrator": "Fish,Blue",
    "dc.date.created": "   Fri Feb 17 15:53:04 2017 DST",
    "dc.date.publication": {
        "dc.date.firstPublication": "MarchPhalguna 1928",
        "dc.date.reprint": [
            "FebruaryMagha 1929",
            "FebruaryMagha 1930",
            "JanuaryMagha 1931",
            "JanuaryMagha 1932",
            "JanuaryMagha 1933",
            "JanuaryPausa 1934",
            "JanuaryPausa 1935",
            "DecemberPausa 1936",
            "DecemberPausa 1937",
            "FebruaryMagha 1938"
        ]
    },
    "dc.format.extent": {
        "PageCount": "8",
        "size_in_Bytes": "1239928 byt"
    },
    "dc.description.toc": {
        "1.: INTRODUCTION ": "1",
        "1.1: Emergence of Macroeconomics ": "4",
        "1.2: Context of the Present Book of Macroeconomics ": "5",
        "2.: NATIONAL INCOME ACCOUNTING ": "8",
        "2.1: Some Basic Concepts of Macroeconomics ": "8",
        "2.2: 2.1 Circular Flow of Income and Methods of": "14",
        "2.2 Calculating National Income": "14",
        "2.2.1: The Product or Value Added Method ": "17",
        "2.2.2: Expenditure Method ": "20",
        "2.2.3: Income Method ": "22",
        "2.3: Some Macroeconomic Identities ": "23",
        "2.4: Goods and Prices ": "25",
        "2.5: GDP and Welfare ": "27",
        "3.: MONEY AND BANKING ": "33",
        "3.1: Functions of Money ": "33",
        "3.2: Demand for Money ": "34",
        "3.2.1: The Transaction Motive ": "34",
        "3.2.2: The Speculative Motive ": "36",
        "3.3: The Supply of Money ": "38",
        "3.3.1: Legal Definitions: Narrow and Broad Money ": "38",
        "3.3.2: Money Creation by the Banking System ": "39",
        "3.3.3: 3.1 Instruments of Monetary Policy and the": "43",
        "3.2 Reserve Bank of India": "43",
        "4.: INCOME DETERMINATION ": "49",
        "4.1: Ex Ante and Ex Post ": "49",
        "4.2: Movement Along a Curve Versus Shift of a Curve ": "52",
        "4.3: The Short Run Fixed Price Analysis of the Product Market ": "53",
        "4.3.1: A Point on the Aggregate Demand Curve ": "54",
        "4.3.2: 4.1 Effects of an Autonomous Change on Equilibrium": "54",
        "4.2 Demand in the Product Market": "54",
        "4.3.3: The Multiplier Mechanism ": "56",
        "5.: THE GOVERNMENT: BUDGET AND THE ECONOMY ": "60",
        "5.1: Components of the Government Budget ": "61",
        "5.1.1: The Revenue Account ": "61",
        "5.1.2: The Capital Account ": "63",
        "5.1.3: Measures of Government Deficit ": "64",
        "5.2: Fiscal Policy ": "65",
        "5.2.1: Changes in Government Expenditure ": "66",
        "5.2.2: Changes in Taxes ": "67",
        "5.2.3: Debt ": "71",
        "6.: OPEN ECONOMY MACROECONOMICS ": "76",
        "6.1: The Balance of Payments ": "77",
        "6.1.1: BoP Surplus and Deficit ": "77",
        "6.2: The Foreign Exchange Market ": "78",
        "6.2.1: Determination of the Exchange Rate ": "79",
        "6.2.2: Flexible Exchange Rates ": "80",
        "6.2.3: Fixed Exchange Rates ": "83",
        "6.2.4: Managed Floating ": "84",
        "6.2.5: Exchange Rate Management:The International Experience ": "84",
        "6.3: The Determination of Income in an Open Economy ": "87",
        "6.3.1: National Income Identity for an Open Economy ": "88",
        "6.3.2: Equilibrium Output and the Trade Balance ": "90",
        "6.4: Trade Deficits, Savings and Investment GLOSSARY ": "93"
    },
    "dc.subject.ddc": {
        "level1": {
            "300": "Social sciences"
        },
        "level2": {
            "330": "Economics"
        },
        "level3": {
            "332": "Financial economics",
            "330": "Economics"
        }
    },
    "dc.description.searchVisibility": "TRUE",
    "dc.format.mimetype": "application/pdf",
    "dc.type": "text",
    "dc.language": "eng",
    "dc.contributor.advisosr": "",
    "dc.contributor.author": "",
    "dc.identifier.uri": "",
    "dc.publisher.date": "",
    "dc.publisher.place": "",
    "dc.relation.referenences": "",
    "dc.relation.haspart[]": "",
    "dc.relation.ispartof": "",
    "dc.relation.ispartofseries": "",
    "dc.relation.requires[]": "PDFviewer Plugin",
    "dc.rights.accessrights": "Open",
    "dc.source.uri": "http://www.ncert.nic.in/",
    "dc.source": "NCERT",
    "dc.subject.prerequisitetopic[]": "",
    "dc.title.alternative": "",
    "lrmi.educationalAlignment.educationLevel": "XII",
    "lrmi.educationalAlignment.educationalFramework": "Central Board of Secondary Education (CBSE)",
    "lrmi.educationalRole[]": "student",
    "lrmi.educationalUse[]": "reading",
    "lrmi.interactivityType[]": "expositive",
    "lrmi.learningResourceType[]": "book",
    "lrmi.typicalAgeRange[]": "15-19"
}