{
    "dc.title": "Political Theory",
    "dc.description.abstract": "Textbook for Class XI",
    "dcterm.educationlevel": "XI",
    "dc.identifier.isbn": "8174506136",
    "dc.date.copyright": "2006",
    "dc.contributor.editor": "Uppal,Shveta||Chaddha,Shashi",
    "dc.contributor.illustrator": "Kumar,Rajeev||Rao,Shweta",
    "dc.date.created": "   Fri Jan 27 17:56:56 2017 DST",
    "dc.date.publication": {
        "dc.date.firstPublication": "SeptemberAsvina 1928",
        "dc.date.reprint": [
            "FebruaryPausa 1928",
            "JanuaryPausa 1929",
            "JanuaryPausa 1930",
            "JanuaryPausa 1931",
            "JanuaryPausa 1932",
            "MarchPhalguna 1933",
            "AprilChaitra 1935",
            "OctoberAsvina 1935",
            "DecemberPausa 1936",
            "JanuaryPausa 1937",
            "JanuaryPausa 1938"
        ]
    },
    "dc.format.extent": {
        "PageCount": "10",
        "size_in_Bytes": "1813107 byt"
    },
    "dc.description.toc": {
        "Chapter 1: Political Theory: An Introduction": "1-16",
        "Chapter 2: Freedom": "17-30",
        "Chapter 3: Equality": "31-52",
        "Chapter 4: Social Justice": "53-66",
        "Chapter 5: Rights": "67-78",
        "Chapter 6: Citizenship": "79-96",
        "Chapter 7: Nationalism": "97-110",
        "Chapter 8: Secularism": "111-128",
        "Chapter 9: Peace": "129-142",
        "Chapter 10: Development": "143-157"
    },
    "dc.subject.ddc": {
        "level1": {
            "300": "Social sciences"
        },
        "level2": {
            "320": "Political science"
        },
        "level3": {}
    },
    "dc.description.searchVisibility": "TRUE",
    "dc.format.mimetype": "application/pdf",
    "dc.type": "text",
    "dc.language": "eng",
    "dc.contributor.advisosr": "",
    "dc.contributor.author": "",
    "dc.identifier.uri": "",
    "dc.publisher.date": "",
    "dc.publisher.place": "",
    "dc.relation.referenences": "",
    "dc.relation.haspart[]": "",
    "dc.relation.ispartof": "",
    "dc.relation.ispartofseries": "",
    "dc.relation.requires[]": "PDFviewer Plugin",
    "dc.rights.accessrights": "Open",
    "dc.source.uri": "http://www.ncert.nic.in/",
    "dc.source": "NCERT",
    "dc.subject.prerequisitetopic[]": "",
    "dc.title.alternative": "",
    "lrmi.educationalAlignment.educationLevel": "XI",
    "lrmi.educationalAlignment.educationalFramework": "Central Board of Secondary Education (CBSE)",
    "lrmi.educationalRole[]": "student",
    "lrmi.educationalUse[]": "reading",
    "lrmi.interactivityType[]": "expositive",
    "lrmi.learningResourceType[]": "book",
    "lrmi.typicalAgeRange[]": "14-18"
}