{
    "dc.title": "-raindrops Book 1 special Series",
    "dc.description.abstract": [
        "Textbook in English for Class I",
        "(Special Series)"
    ],
    "dcterm.educationlevel": "I",
    "dc.identifier.isbn": "9789350071519",
    "dc.date.copyright": "2011",
    "dc.contributor.editor": "Uppal,Shveta||Sankaranarayanan,Vijayam",
    "dc.contributor.illustrator": "Jabin,Seema",
    "dc.date.created": "   ",
    "dc.date.publication": {
        "dc.date.firstPublication": "AprilChaitra 1933",
        "dc.date.reprint": ""
    },
    "dc.format.extent": {
        "PageCount": "10",
        "size_in_Bytes": "5961356 byt"
    },
    "dc.description.toc": {
        "1.: Clap, Clap, Clap  . . . . . ": "1",
        "2.: One, Two  . . . . . ": "2",
        "3.: The Little Bird  . . . . . ": "4",
        "4.: Bubbles   . . . . . ": "5",
        "5.: Chhotu  . . . . . ": "6",
        "6.: Animals and Birds  . . . . . ": "10",
        "7.: Fruits and Vegetables  . . . . . ": "13",
        "8.: Who Am I?  . . . . . ": "20",
        "9.: Hide and Seek  . . . . . ": "23",
        "10.: Fun with Numbers  . . . . . ": "29",
        "11.: Shapes  . . . . . ": "34",
        "12.: Cats  . . . . . ": "41",
        "13.: Colours  . . . . . ": "45",
        "14.: Actions We Do  . . . . . ": "52",
        "15.: Left and Right  . . . . . ": "56",
        "16.: The Lion and the Mouse  . . . . . ": "63",
        "17.: Morning and Evening  . . . . . ": "69",
        "18.: May I Come In?  . . . . . ": "74",
        "19.: Action Song  . . . . . ": "78"
    },
    "dc.subject.ddc": {
        "level1": {
            "200": "Religion",
            "800": "Literature"
        },
        "level2": {
            "290": "Other religions",
            "200": "Religion"
        },
        "level3": {}
    },
    "dc.description.searchVisibility": "TRUE",
    "dc.format.mimetype": "application/pdf",
    "dc.type": "text",
    "dc.language": "eng",
    "dc.contributor.advisosr": "",
    "dc.contributor.author": "",
    "dc.identifier.uri": "",
    "dc.publisher.date": "",
    "dc.publisher.place": "",
    "dc.relation.referenences": "",
    "dc.relation.haspart[]": "",
    "dc.relation.ispartof": "",
    "dc.relation.ispartofseries": "",
    "dc.relation.requires[]": "PDFviewer Plugin",
    "dc.rights.accessrights": "Open",
    "dc.source.uri": "http://www.ncert.nic.in/",
    "dc.source": "NCERT",
    "dc.subject.prerequisitetopic[]": "",
    "dc.title.alternative": "",
    "lrmi.educationalAlignment.educationLevel": "I",
    "lrmi.educationalAlignment.educationalFramework": "Central Board of Secondary Education (CBSE)",
    "lrmi.educationalRole[]": "student",
    "lrmi.educationalUse[]": "reading",
    "lrmi.interactivityType[]": "expositive",
    "lrmi.learningResourceType[]": "book",
    "lrmi.typicalAgeRange[]": "4-8"
}