{
    "dc.title": "BUSINESS STUDIES",
    "dc.description.abstract": "Textbook for Class XI",
    "dcterm.educationlevel": "XI",
    "dc.identifier.isbn": "817450530X",
    "dc.date.copyright": "2006",
    "dc.contributor.editor": "Uppal,Shveta||Bharadwaj,R.N.",
    "dc.contributor.illustrator": "Chadha,Karan",
    "dc.date.created": "   Wed Mar  8 17:28:28 2017 DST",
    "dc.date.publication": {
        "dc.date.firstPublication": "MarchPhalguna 1927",
        "dc.date.reprint": [
            "OctoberKartika 1928",
            "DecemberAgrahayana 1929",
            "MarchPhalguna 1930",
            "JanuaryMagha 1931",
            "JanuaryMagha 1932",
            "JanuaryMagha 1933",
            "MarchPhalguna 1934",
            "NovemberKartika 1935",
            "DecemberPausa 1936",
            "AprilVaishakha 1938",
            "MarchPhalguna 1938"
        ]
    },
    "dc.format.extent": {
        "PageCount": "10",
        "size_in_Bytes": "570051 byt"
    },
    "dc.description.toc": {
        "CHAPTER 1: Nature and Purpose of Business ": "2",
        "CHAPTER 2: Forms of Business Organisation ": "21",
        "CHAPTER 3: Private, Public and Global Enterprises ": "55",
        "CHAPTER 4: Business Services ": "77",
        "CHAPTER 5: Emerging Modes of Business ": "110",
        "CHAPTER 6: Social Responsibilities of Businessand Business Ethics PART  II   CORPORATE ORGANISATION, FINANCE AND TRADE ": "140",
        "CHAPTER 7: Formation of a Company ": "160",
        "CHAPTER 8: Sources of Business Finance ": "181",
        "CHAPTER 9: Small Business ": "207",
        "CHAPTER 10: Internal Trade ": "225",
        "CHAPTER 11: International Business - I ": "251",
        "CHAPTER 12: International Business - II ": "278"
    },
    "dc.subject.ddc": {
        "level1": {
            "300": "Social sciences",
            "900": "History &amp; geography"
        },
        "level2": {
            "330": "Economics",
            "340": "Law"
        },
        "level3": {
            "336": "Public finance",
            "337": "International economics"
        }
    },
    "dc.description.searchVisibility": "TRUE",
    "dc.format.mimetype": "application/pdf",
    "dc.type": "text",
    "dc.language": "eng",
    "dc.contributor.advisosr": "",
    "dc.contributor.author": "",
    "dc.identifier.uri": "",
    "dc.publisher.date": "",
    "dc.publisher.place": "",
    "dc.relation.referenences": "",
    "dc.relation.haspart[]": "",
    "dc.relation.ispartof": "",
    "dc.relation.ispartofseries": "",
    "dc.relation.requires[]": "PDFviewer Plugin",
    "dc.rights.accessrights": "Open",
    "dc.source.uri": "http://www.ncert.nic.in/",
    "dc.source": "NCERT",
    "dc.subject.prerequisitetopic[]": "",
    "dc.title.alternative": "",
    "lrmi.educationalAlignment.educationLevel": "XI",
    "lrmi.educationalAlignment.educationalFramework": "Central Board of Secondary Education (CBSE)",
    "lrmi.educationalRole[]": "student",
    "lrmi.educationalUse[]": "reading",
    "lrmi.interactivityType[]": "expositive",
    "lrmi.learningResourceType[]": "book",
    "lrmi.typicalAgeRange[]": "14-18"
}