{
    "dc.title": "Social Science D EMOCRATIC P OLITICS-II",
    "dc.description.abstract": "Textbook in Political Science for Class X",
    "dcterm.educationlevel": "X",
    "dc.identifier.isbn": "8174507116",
    "dc.date.copyright": "2007",
    "dc.contributor.editor": "Uppal,Shveta||Chaddha,Shashi",
    "dc.contributor.illustrator": "Shah,Parthiv",
    "dc.date.created": "   Tue Jan 24 20:18:11 2017 DST",
    "dc.date.publication": {
        "dc.date.firstPublication": "MarchChaitra 1928",
        "dc.date.reprint": [
            "FebruaryMagha 1929",
            "JanuaryPausa 1930",
            "JanuaryMagha 1931",
            "JanuaryMagha 1932",
            "JanuaryMagha 1933",
            "NovemberKartika 1934",
            "DecemberPausa 1935",
            "DecemberPausa 1936",
            "JanuaryPausa 1937",
            "JanuaryMagha 1938"
        ]
    },
    "dc.format.extent": {
        "PageCount": "12",
        "size_in_Bytes": "3066424 byt"
    },
    "dc.description.toc": {
        "Unit I: .1 Chapter Power sharing Chapter ": "1",
        ".2 Federalism ": "1",
        "Unit II: .1 Chapter Democracy and Diversity ": "3",
        ".2 Chapter ": "7",
        ".3 Gender, Religion and Caste ": "3",
        "Unit III: .1 Chapter Popular Struggles and Movements ": "5",
        ".3 Political Parties ": "5",
        "Unit IV: .1 Chapter Outcomes of Democracy ": "7",
        ".3 Challenges to Democracy ": "7"
    },
    "dc.subject.ddc": {
        "level1": {
            "300": "Social sciences",
            "800": "Literature"
        },
        "level2": {
            "320": "Political science",
            "300": "Social sciences, sociology &amp; anthropology",
            "330": "Economics"
        },
        "level3": {}
    },
    "dc.description.searchVisibility": "TRUE",
    "dc.format.mimetype": "application/pdf",
    "dc.type": "text",
    "dc.language": "eng",
    "dc.contributor.advisosr": "",
    "dc.contributor.author": "",
    "dc.identifier.uri": "",
    "dc.publisher.date": "",
    "dc.publisher.place": "",
    "dc.relation.referenences": "",
    "dc.relation.haspart[]": "",
    "dc.relation.ispartof": "",
    "dc.relation.ispartofseries": "",
    "dc.relation.requires[]": "PDFviewer Plugin",
    "dc.rights.accessrights": "Open",
    "dc.source.uri": "http://www.ncert.nic.in/",
    "dc.source": "NCERT",
    "dc.subject.prerequisitetopic[]": "",
    "dc.title.alternative": "",
    "lrmi.educationalAlignment.educationLevel": "X",
    "lrmi.educationalAlignment.educationalFramework": "Central Board of Secondary Education (CBSE)",
    "lrmi.educationalRole[]": "student",
    "lrmi.educationalUse[]": "reading",
    "lrmi.interactivityType[]": "expositive",
    "lrmi.learningResourceType[]": "book",
    "lrmi.typicalAgeRange[]": "13-17"
}