{
    "dc.title": "INDIA PEOPLE AND ECONOMY",
    "dc.description.abstract": "TEXTBOOK IN GEOGRAPHY FOR CLASS XII",
    "dcterm.educationlevel": "XII",
    "dc.identifier.isbn": "8174507345",
    "dc.date.copyright": "2007",
    "dc.contributor.editor": "Uppal,Shveta||Bhagat,M.",
    "dc.contributor.illustrator": "Fish,Blue||Gill,Joel",
    "dc.date.created": "   Fri Feb 17 17:59:16 2017 DST",
    "dc.date.publication": {
        "dc.date.firstPublication": "FebruaryMagha 1928",
        "dc.date.reprint": [
            "DecemberPausa 1929",
            "JanuaryPausa 1930",
            "JanuaryMagha 1931",
            "NovemberKartika 1932",
            "MarchPhalguna 1933",
            "MarchPhalguna 1934",
            "NovemberKartika 1935",
            "JanuaryMagha 1936",
            "JanuaryPausa 1937",
            "FebruaryMagha 1938"
        ]
    },
    "dc.format.extent": {
        "PageCount": "8",
        "size_in_Bytes": "2543972 byt"
    },
    "dc.description.toc": {
        "Unit I: .1 . Population : Distribution, Density, Growth and Composition -": "1",
        ".2 . Migration : Types, Causes and Consequences -": "1",
        ".3 . Human Development -": "1",
        "Unit II: . Human Settlements -": "4",
        "Unit III: .1 . Land Resources and Agriculture -": "5",
        ".2 . Water Resources -": "5",
        ".3 . Mineral and Energy Resources -": "5",
        ".4 . Manufacturing Industries -": "5",
        ".5 . Planning and Sustainable Development in Indian Context -": "5",
        "Unit IV: .1 . Transport and Communication -": "10",
        ".2 . International Trade -": "10",
        "Unit V: .1 . Geographical Perspective on Selected Issues and Problems -": "12",
        ".2 Appendices -": "12",
        ".3 Glossary ": "12",
        ".4 References -": "12"
    },
    "dc.subject.ddc": {
        "level1": {
            "900": "History &amp; geography",
            "600": "Technology"
        },
        "level2": {
            "910": "Geography &amp; travel"
        },
        "level3": {}
    },
    "dc.description.searchVisibility": "TRUE",
    "dc.format.mimetype": "application/pdf",
    "dc.type": "text",
    "dc.language": "eng",
    "dc.contributor.advisosr": "",
    "dc.contributor.author": "",
    "dc.identifier.uri": "",
    "dc.publisher.date": "",
    "dc.publisher.place": "",
    "dc.relation.referenences": "",
    "dc.relation.haspart[]": "",
    "dc.relation.ispartof": "",
    "dc.relation.ispartofseries": "",
    "dc.relation.requires[]": "PDFviewer Plugin",
    "dc.rights.accessrights": "Open",
    "dc.source.uri": "http://www.ncert.nic.in/",
    "dc.source": "NCERT",
    "dc.subject.prerequisitetopic[]": "",
    "dc.title.alternative": "",
    "lrmi.educationalAlignment.educationLevel": "XII",
    "lrmi.educationalAlignment.educationalFramework": "Central Board of Secondary Education (CBSE)",
    "lrmi.educationalRole[]": "student",
    "lrmi.educationalUse[]": "reading",
    "lrmi.interactivityType[]": "expositive",
    "lrmi.learningResourceType[]": "book",
    "lrmi.typicalAgeRange[]": "15-19"
}