{
    "dc.title": "MATH-MAGIC :Book 3",
    "dc.description.abstract": "Textbook in  Mathematics for Class III",
    "dcterm.educationlevel": "III",
    "dc.identifier.isbn": "8174505105",
    "dc.date.copyright": "2006",
    "dc.contributor.editor": "Yadav,Naresh||Sutar,Bijnan",
    "dc.contributor.illustrator": "",
    "dc.date.created": "   Mon May 19 17:02:29 2014 DST",
    "dc.date.publication": {
        "dc.date.firstPublication": "FebruaryPhalguna 1927",
        "dc.date.reprint": [
            "NovemberAgrahayana 1928",
            "JanuaryMagha 1929",
            "JanuaryMagha 1930",
            "JanuaryMagha 1931",
            "NovemberKartika 1932",
            "JanuaryMagha 1933",
            "DecemberAgrahayana 1934",
            "NovemberKartika 1935"
        ]
    },
    "dc.format.extent": {
        "PageCount": "6",
        "size_in_Bytes": "857857 byt"
    },
    "dc.description.toc": {
        "1.: Where to Look From ": "1",
        "2.: Fun with Numbers ": "13",
        "3.: Give and Take ": "29",
        "4.: Long and Short ": "46",
        "5.: Shapes and Designs ": "60",
        "6.: Fun with Give and Take ": "76",
        "7.: Time Goes On....... ": "95",
        "8.: Who is Heavier? ": "113",
        "9.: How Many Times? ": "122",
        "10.: Play with Patterns ": "144",
        "11.: Jugs and Mugs ": "153",
        "12.: Can We Share? ": "160",
        "13.: Smart Charts! ": "177",
        "14.: Rupees and Paise ": "190"
    },
    "dc.subject.ddc": {
        "level1": {
            "500": "Science",
            "800": "Literature",
            "700": "Arts &amp; recreation"
        },
        "level2": {
            "500": "Science",
            "510": "Mathematics"
        },
        "level3": {
            "501": "Philosophy &amp; theory",
            "500": "Natural sciences &amp; mathematics"
        }
    },
    "dc.description.searchVisibility": "TRUE",
    "dc.format.mimetype": "application/pdf",
    "dc.type": "text",
    "dc.language": "eng",
    "dc.contributor.advisosr": "",
    "dc.contributor.author": "",
    "dc.identifier.uri": "",
    "dc.publisher.date": "",
    "dc.publisher.place": "",
    "dc.relation.referenences": "",
    "dc.relation.haspart[]": "",
    "dc.relation.ispartof": "",
    "dc.relation.ispartofseries": "",
    "dc.relation.requires[]": "PDFviewer Plugin",
    "dc.rights.accessrights": "Open",
    "dc.source.uri": "http://www.ncert.nic.in/",
    "dc.source": "NCERT",
    "dc.subject.prerequisitetopic[]": "",
    "dc.title.alternative": "",
    "lrmi.educationalAlignment.educationLevel": "III",
    "lrmi.educationalAlignment.educationalFramework": "Central Board of Secondary Education (CBSE)",
    "lrmi.educationalRole[]": "student",
    "lrmi.educationalUse[]": "reading",
    "lrmi.interactivityType[]": "expositive",
    "lrmi.learningResourceType[]": "book",
    "lrmi.typicalAgeRange[]": "6-10"
}