{
    "dc.title": "MATHEMATICS PART I",
    "dc.description.abstract": "Textbook  for Class XII",
    "dcterm.educationlevel": "XII",
    "dc.identifier.isbn": "8174506292",
    "dc.date.copyright": "2006",
    "dc.contributor.editor": "Uppal,Shveta||Sutar,Bijnan",
    "dc.contributor.illustrator": "Chawla,Arvinder",
    "dc.date.created": "   Thu Feb 16 15:52:35 2017 DST",
    "dc.date.publication": {
        "dc.date.firstPublication": "NovemberAgrahayana 1928",
        "dc.date.reprint": [
            "OctoberKartika 1929",
            "DecemberPausa 1930",
            "DecemberAgrahayana 1931",
            "JanuaryMagha 1933",
            "NovemberKartika 1934",
            "NovemberKartika 1935",
            "NovemberKartika 1936",
            "DecemberPausa 1937",
            "DecemberPausa 1938"
        ]
    },
    "dc.format.extent": {
        "PageCount": "13",
        "size_in_Bytes": "1352814 byt"
    },
    "dc.description.toc": {
        "1.: Relations and Functions ": "1",
        "1.1: Introduction ": "1",
        "1.2: Types of Relations ": "2",
        "1.3: Types of Functions ": "7",
        "1.4: Composition of Functions and Invertible Function ": "12",
        "1.5: Binary Operations ": "19",
        "2.: Inverse Trigonometric Functions ": "33",
        "2.1: Introduction ": "33",
        "2.2: Basic Concepts ": "33",
        "2.3: Properties of Inverse Trigonometric Functions ": "42",
        "3.: Matrices ": "56",
        "3.1: Introduction ": "56",
        "3.2: Matrix ": "56",
        "3.3: Types of Matrices ": "61",
        "3.4: Operations on Matrices ": "65",
        "3.5: Transpose of a Matrix ": "83",
        "3.6: Symmetric and Skew Symmetric Matrices ": "85",
        "3.7: Elementary Operation (Transformation) of a Matrix ": "90",
        "3.8: Invertible Matrices ": "91",
        "4.: Determinants ": "103",
        "4.1: Introduction ": "103",
        "4.2: Determinant ": "103",
        "4.3: Properties of Determinants ": "109",
        "4.4: Area of a Triangle ": "121",
        "4.5: Minors and Cofactors ": "123",
        "4.6: Adjoint and Inverse of a Matrix ": "126",
        "4.7: Applications of Determinants and Matrices xiv": "133",
        "5.: Continuity and Differentiability ": "147",
        "5.1: Introduction ": "147",
        "5.2: Continuity ": "147",
        "5.3: Differentiability ": "161",
        "5.4: Exponential and Logarithmic Functions ": "170",
        "5.5: Logarithmic Differentiation ": "174",
        "5.6: Derivatives of Functions in Parametric Forms ": "179",
        "5.7: Second Order Derivative ": "181",
        "5.8: Mean Value Theorem ": "184",
        "6.: Application of Derivatives ": "194",
        "6.1: Introduction ": "194",
        "6.2: Rate of Change of Quantities ": "194",
        "6.3: Increasing and Decreasing Functions ": "199",
        "6.4: Tangents and Normals ": "206",
        "6.5: Approximations ": "213",
        "6.6: 6.1 Maxima and Minima Appendix : Proofs in Mathematics ": "216",
        "6.2 A.": "216",
        "1.1:  Introduction A.": "247",
        "1.2: 1.1 What is a Proof? Appendix : Mathematical Modelling ": "247",
        "1.2 A.": "247",
        "2.1:  Introduction A.": "256",
        "2.2:  Why Mathematical Modelling? A.": "256",
        "2.3: 2.1 Principles of Mathematical Modelling Answers ": "257",
        "2.2 Supplementary Material ": "257"
    },
    "dc.subject.ddc": {
        "level1": {
            "500": "Science"
        },
        "level2": {
            "510": "Mathematics",
            "540": "Chemistry"
        },
        "level3": {
            "511": "General principles of mathematics",
            "510": "Mathematics",
            "518": "Numerical analysis",
            "512": "Algebra"
        }
    },
    "dc.description.searchVisibility": "TRUE",
    "dc.format.mimetype": "application/pdf",
    "dc.type": "text",
    "dc.language": "eng",
    "dc.contributor.advisosr": "",
    "dc.contributor.author": "",
    "dc.identifier.uri": "",
    "dc.publisher.date": "",
    "dc.publisher.place": "",
    "dc.relation.referenences": "",
    "dc.relation.haspart[]": "",
    "dc.relation.ispartof": "",
    "dc.relation.ispartofseries": "",
    "dc.relation.requires[]": "PDFviewer Plugin",
    "dc.rights.accessrights": "Open",
    "dc.source.uri": "http://www.ncert.nic.in/",
    "dc.source": "NCERT",
    "dc.subject.prerequisitetopic[]": "",
    "dc.title.alternative": "",
    "lrmi.educationalAlignment.educationLevel": "XII",
    "lrmi.educationalAlignment.educationalFramework": "Central Board of Secondary Education (CBSE)",
    "lrmi.educationalRole[]": "student",
    "lrmi.educationalUse[]": "reading",
    "lrmi.interactivityType[]": "expositive",
    "lrmi.learningResourceType[]": "book",
    "lrmi.typicalAgeRange[]": "15-19"
}