{
    "dc.title": "",
    "dc.description.abstract": "",
    "dcterm.educationlevel": "XII",
    "dc.identifier.isbn": "8174506489",
    "dc.date.copyright": "2007",
    "dc.contributor.editor": "Uppal,Shveta||Bhardwaj,R.N.",
    "dc.contributor.illustrator": "Wadhwa,Nidhi",
    "dc.date.created": "   Thu Feb 16 16:44:57 2017 DST",
    "dc.date.publication": {
        "dc.date.firstPublication": "JanuaryPausa 1928",
        "dc.date.reprint": [
            "NovemberKartika 1929",
            "DecemberPausa   1930",
            "JanuaryMagha 1931",
            "JanuaryMagha 1932",
            "JanuaryMagha 1933",
            "JanuaryMagha 1934",
            "NovemberKartika 1935",
            "DecemberPausa   1936",
            "DecemberPausa 1937",
            "FebruaryMagha 1938"
        ]
    },
    "dc.format.extent": {
        "PageCount": "15",
        "size_in_Bytes": "2989524 byt"
    },
    "dc.description.toc": {
        "Unit 1: 1.1 The Solid State . General Characteristics of Solid State ": "1",
        "1.2 . Amorphous and Crystalline Solids ": "1",
        "1.3 . Classification of Crystalline Solids ": "1",
        "1.4 . Crystal Lattices and Unit Cells ": "1",
        "1.5 . Number of Atoms in a Unit Cell ": "1",
        "1.6 . Close-Packed Structures ": "1",
        "1.7 . Packing Efficiency ": "1",
        "1.8 . Calculations Involving Unit Cell Dimensions ": "1",
        "1.9 . Imperfections in Solids ": "1",
        "1.10 . Electrical Properties ": "1",
        "1.11 . Magnetic Properties ": "1",
        "Unit 2: 2.1 Solutions . Types of Solutions . Expressing Concentration of Solutions ": "33",
        "2.2 . Solubility ": "33",
        "2.3 . Vapour Pressure of Liquid Solutions ": "33",
        "2.4 . Ideal and Non-ideal Solutions ": "33",
        "2.5 . Colligative Properties and Determination of Molar Mass ": "33",
        "2.6 . Abnormal Molar Masses ": "33",
        "Unit 3: 3.1 Electrochemistry . Electrochemical Cells ": "63",
        "3.2 . Galvanic Cells ": "63",
        "3.3 . Nernst Equation ": "63",
        "3.4 . Conductance of Electrolytic Solutions ": "63",
        "3.5 . Electrolytic Cells and Electrolysis ": "63",
        "3.6 ": "63",
        "3.7 . Fuel Cells ": "63",
        "3.8 . Corrosion ": "63",
        "Unit 4: 4.1 Chemical Kinetics . Rate of a Chemical Reaction ": "93",
        "4.2 . Factors Influencing Rate of a Reaction ": "93",
        "4.3 . Integrated Rate Equations ": "93",
        "4.4 . Pseudo First Order Reaction ": "93",
        "4.5 . Temperature Dependence of the Rate of a Reaction ": "93",
        "4.6 . Collision Theory of Chemical Reactions ": "93",
        "Unit 5: 5.1 Surface Chemistry . Adsorption ": "121",
        "5.2 . Catalysis ": "121",
        "5.3 . Colloids ": "121",
        "5.4 . Classification of Colloids ": "121",
        "5.5 . Emulsions ": "121",
        "5.6 . Colloids Around Us ": "121",
        "Unit 6: 6.1 General Principles and Processes of Isolation of": "147",
        "6.2 Elements . Occurrence of Metals ": "147",
        "6.3 . Concentration of Ores ": "147",
        "6.4 . Extraction of Crude Metal from Concentrated Ore ": "147",
        "6.5 . Thermodynamic Principles of Metallurgy ": "147",
        "6.6 . Electrochemical Principles of Metallurgy ": "147",
        "6.7 . Oxidation Reduction ": "147",
        "6.8 . Refining ": "147",
        "6.9 . Uses of Aluminium, Copper, Zinc and Iron ": "147",
        "Unit 7: 7.1 The p-Block Elements . Group  Elements . Dinitrogen ": "165",
        "7.2 . Ammonia ": "165",
        "7.3 . Oxides of Nitrogen ": "165",
        "7.4 . Nitric Acid ": "165",
        "7.5 . Phosphorus ' Allotropic Forms ": "165",
        "7.6 . Phosphine ": "165",
        "7.7 . Phosphorus Halides  xiv": "165",
        "7.8 ": "165",
        "7.9 . Group  Elements ": "165",
        "7.10 . Dioxygen ": "165",
        "7.11 . Simple Oxides ": "165",
        "7.12 . Ozone ": "165",
        "7.13 . Sulphur ' Allotropic Forms ": "165",
        "7.14 . Sulphur Dioxide ": "165",
        "7.15 . Oxoacids of Sulphur ": "165",
        "7.16 . Sulphuric Acid ": "165",
        "7.17 . Group  Elements ": "165",
        "7.18 . Chlorine ": "165",
        "7.19 . Hydrogen Chloride ": "165",
        "7.20 . Oxoacids of Halogens ": "165",
        "7.21 . Interhalogen Compounds ": "165",
        "7.22 . Group  Elements ": "165",
        "Unit 8: 8.1 The d-and f-Block Elements . Position in the Periodic Table ": "209",
        "8.2 . Electronic Configurations of the d-Block Elements ": "209",
        "8.3 . General Properties of the Transition Elements (d-Block) ": "209",
        "8.4 . Some important Compounds of Transition Elements ": "209",
        "8.5 . The Lanthanoids ": "209",
        "8.6 . The Actinoids ": "209",
        "8.7 . Some Applications of d-and f-Block Elements ": "209",
        "Unit 9: 9.1 Coordination Compounds . Werner's Theory of Coordination Compounds . Definition of Some Important Terms Pertaining to ": "237",
        "9.2 Coordination Compounds": "237",
        "9.3 . Nomenclature of Coordination Compounds ": "237",
        "9.4 . Isomerism in Coordination Compounds ": "237",
        "9.5 . Bonding in Coordination Compounds ": "237",
        "9.6 . Bonding in Metal Carbonyls ": "237",
        "9.7 . Stability of Coordination Compounds ": "237",
        "9.8 . Importance and Applications of Coordination ": "237",
        "9.9 Compounds": "237",
        "9.10 Appendices ": "237",
        "9.11 Answers to Some Questions in Exercises ": "237",
        "9.12 Index ": "237"
    },
    "dc.subject.ddc": {
        "level1": {
            "500": "Science",
            "600": "Technology"
        },
        "level2": {
            "540": "Chemistry"
        },
        "level3": {
            "540": "Chemistry &amp; allied sciences"
        }
    },
    "dc.description.searchVisibility": "TRUE",
    "dc.format.mimetype": "application/pdf",
    "dc.type": "text",
    "dc.language": "eng",
    "dc.contributor.advisosr": "",
    "dc.contributor.author": "",
    "dc.identifier.uri": "",
    "dc.publisher.date": "",
    "dc.publisher.place": "",
    "dc.relation.referenences": "",
    "dc.relation.haspart[]": "",
    "dc.relation.ispartof": "",
    "dc.relation.ispartofseries": "",
    "dc.relation.requires[]": "PDFviewer Plugin",
    "dc.rights.accessrights": "Open",
    "dc.source.uri": "http://www.ncert.nic.in/",
    "dc.source": "NCERT",
    "dc.subject.prerequisitetopic[]": "",
    "dc.title.alternative": "",
    "lrmi.educationalAlignment.educationLevel": "XII",
    "lrmi.educationalAlignment.educationalFramework": "Central Board of Secondary Education (CBSE)",
    "lrmi.educationalRole[]": "student",
    "lrmi.educationalUse[]": "reading",
    "lrmi.interactivityType[]": "expositive",
    "lrmi.learningResourceType[]": "book",
    "lrmi.typicalAgeRange[]": "15-19"
}