{
    "dc.title": "SCIENCE",
    "dc.description.abstract": "TEXTBOOK FOR CLASS X",
    "dcterm.educationlevel": "X",
    "dc.identifier.isbn": "8174506365",
    "dc.date.copyright": "2006",
    "dc.contributor.editor": "Uppal,Shveta",
    "dc.contributor.illustrator": "Expressions,Digital",
    "dc.date.created": "   Mon Feb 27 17:34:14 2017 DST",
    "dc.date.publication": {
        "dc.date.firstPublication": "DecemberAgrahayana 1928",
        "dc.date.reprint": [
            "NovemberKartika 1929",
            "JanuaryPausa 1930",
            "DecemberPausa 1931",
            "NovemberKartika 1932",
            "JanuaryMagha 1933",
            "NovemberKartika 1934",
            "OctoberAsvina 1935",
            "DecemberPausa 1936",
            "DecemberAgrahayana 1937",
            "FebruaryMagha 1938"
        ]
    },
    "dc.format.extent": {
        "PageCount": "10",
        "size_in_Bytes": "1977114 byt"
    },
    "dc.description.toc": {
        "Chapter 1: Chemical Reactions and Equations ": "1",
        "Chapter 2: Acids, Bases and Salts ": "17",
        "Chapter 3: Metals and Non-metals ": "37",
        "Chapter 4: Carbon and its Compounds ": "58",
        "Chapter 5: Periodic Classification of Elements ": "79",
        "Chapter 6: Life Processes ": "93",
        "Chapter 7: Control and Coordination ": "114",
        "Chapter 8: How do Organisms Reproduce? ": "127",
        "Chapter 9: Heredity and Evolution ": "142",
        "Chapter 10: Light ' Reflection and Refraction ": "160",
        "Chapter 11: Human Eye and Colourful World ": "187",
        "Chapter 12: Electricity ": "199",
        "Chapter 13: Magnetic Effects of Electric Current ": "223",
        "Chapter 14: Sources of Energy ": "242",
        "Chapter 15: Our Environment ": "256",
        "Chapter 16: 16.1 Management of Natural Resources Answers -": "266",
        "16.2 (ix)": "266"
    },
    "dc.subject.ddc": {
        "level1": {
            "500": "Science"
        },
        "level2": {
            "500": "Science",
            "540": "Chemistry"
        },
        "level3": {
            "501": "Philosophy &amp; theory",
            "500": "Natural sciences &amp; mathematics"
        }
    },
    "dc.description.searchVisibility": "TRUE",
    "dc.format.mimetype": "application/pdf",
    "dc.type": "text",
    "dc.language": "eng",
    "dc.contributor.advisosr": "",
    "dc.contributor.author": "",
    "dc.identifier.uri": "",
    "dc.publisher.date": "",
    "dc.publisher.place": "",
    "dc.relation.referenences": "",
    "dc.relation.haspart[]": "",
    "dc.relation.ispartof": "",
    "dc.relation.ispartofseries": "",
    "dc.relation.requires[]": "PDFviewer Plugin",
    "dc.rights.accessrights": "Open",
    "dc.source.uri": "http://www.ncert.nic.in/",
    "dc.source": "NCERT",
    "dc.subject.prerequisitetopic[]": "",
    "dc.title.alternative": "",
    "lrmi.educationalAlignment.educationLevel": "X",
    "lrmi.educationalAlignment.educationalFramework": "Central Board of Secondary Education (CBSE)",
    "lrmi.educationalRole[]": "student",
    "lrmi.educationalUse[]": "reading",
    "lrmi.interactivityType[]": "expositive",
    "lrmi.learningResourceType[]": "book",
    "lrmi.typicalAgeRange[]": "13-17"
}