{
    "dc.title": "PRACTICAL WORK in Geography PART II",
    "dc.description.abstract": "TEXTBOOK FOR CLASS XII",
    "dcterm.educationlevel": "XII",
    "dc.identifier.isbn": "8174507027",
    "dc.date.copyright": "2007",
    "dc.contributor.editor": "Uppal,Shveta||Bhagat,M.G.",
    "dc.contributor.illustrator": "Fish,Blue",
    "dc.date.created": "   Fri Feb 17 18:30:57 2017 DST",
    "dc.date.publication": {
        "dc.date.firstPublication": "FebruaryMagha 1928",
        "dc.date.reprint": [
            "FebruaryMagha 1929",
            "JanuaryMagha 1930",
            "JanuaryMagha 1931",
            "DecemberPausa 1932",
            "JanuaryMagha 1935",
            "FebruaryMagha 1936",
            "DecemberAgrahayana 1937",
            "FebruaryMagha 1938"
        ]
    },
    "dc.format.extent": {
        "PageCount": "10",
        "size_in_Bytes": "1841846 byt"
    },
    "dc.description.toc": {
        "CHAPTER 1: Data ' Its Source and Compilation ' ": "1 ",
        "CHAPTER 2: Data Processing ' ": "13 ",
        "CHAPTER 3: Graphical Representation of Data ' ": "32",
        "CHAPTER 4: 4.1 Use of Computer in Data": "55 ",
        "4.2 Processing and Mapping ' ": "55 ",
        "CHAPTER 5: Field Surveys ' ": "71 ",
        "CHAPTER 6: 6.1 Spatial Information Technology ' ": "85 ",
        "6.2 ANNEXURE  ' ": "85 ",
        "6.3 GLOSSARY ": "85 "
    },
    "dc.subject.ddc": {
        "level1": {
            "000": "Computer science, information &amp; general works"
        },
        "level2": {
            "000": "Computer science, knowledge &amp; systems",
            "020": "Library &amp; information sciences"
        },
        "level3": {
            "004": "Data processing &amp; computer science",
            "003": "Systems",
            "006": "Special computer methods"
        }
    },
    "dc.description.searchVisibility": "TRUE",
    "dc.format.mimetype": "application/pdf",
    "dc.type": "text",
    "dc.language": "eng",
    "dc.contributor.advisosr": "",
    "dc.contributor.author": "",
    "dc.identifier.uri": "",
    "dc.publisher.date": "",
    "dc.publisher.place": "",
    "dc.relation.referenences": "",
    "dc.relation.haspart[]": "",
    "dc.relation.ispartof": "",
    "dc.relation.ispartofseries": "",
    "dc.relation.requires[]": "PDFviewer Plugin",
    "dc.rights.accessrights": "Open",
    "dc.source.uri": "http://www.ncert.nic.in/",
    "dc.source": "NCERT",
    "dc.subject.prerequisitetopic[]": "",
    "dc.title.alternative": "",
    "lrmi.educationalAlignment.educationLevel": "XII",
    "lrmi.educationalAlignment.educationalFramework": "Central Board of Secondary Education (CBSE)",
    "lrmi.educationalRole[]": "student",
    "lrmi.educationalUse[]": "reading",
    "lrmi.interactivityType[]": "expositive",
    "lrmi.learningResourceType[]": "book",
    "lrmi.typicalAgeRange[]": "15-19"
}