{
    "dc.title": "THEMES IN PART II INDIAN HISTORY",
    "dc.description.abstract": "",
    "dcterm.educationlevel": "",
    "dc.identifier.isbn": "8174507533",
    "dc.date.copyright": "2007",
    "dc.contributor.editor": "Uppal,Shveta",
    "dc.contributor.illustrator": "Creations,Arrt",
    "dc.date.created": "   Fri Feb 17 15:44:11 2017 DST",
    "dc.date.publication": {
        "dc.date.firstPublication": "May",
        "dc.date.reprint": [
            "DecemberPausa 1929",
            "JanuaryMagha 1930",
            "JanuaryMagha 1931",
            "NovemberKartika 1932",
            "MarchPhalguna 1934",
            "NovemberKartika 1935",
            "DecemberPausa 1936",
            "FebruaryMagha 1937",
            "FebruaryMagha 1938"
        ]
    },
    "dc.format.extent": {
        "PageCount": "14",
        "size_in_Bytes": "1009378 byt"
    },
    "dc.description.toc": {
        "PART III: .1 Exploring Official Archives": ""
    },
    "dc.subject.ddc": {
        "level1": {
            "900": "History &amp; geography",
            "800": "Literature"
        },
        "level2": {
            "940": "History of Europe",
            "900": "History",
            "930": "History of ancient world (to\u00a0ca.\u00a0499)"
        },
        "level3": {
            "941": "British Isles",
            "943": "Central Europe; Germany",
            "940": "History of Europe"
        }
    },
    "dc.description.searchVisibility": "TRUE",
    "dc.format.mimetype": "application/pdf",
    "dc.type": "text",
    "dc.language": "eng",
    "dc.contributor.advisosr": "",
    "dc.contributor.author": "",
    "dc.identifier.uri": "",
    "dc.publisher.date": "",
    "dc.publisher.place": "",
    "dc.relation.referenences": "",
    "dc.relation.haspart[]": "",
    "dc.relation.ispartof": "",
    "dc.relation.ispartofseries": "",
    "dc.relation.requires[]": "PDFviewer Plugin",
    "dc.rights.accessrights": "Open",
    "dc.source.uri": "http://www.ncert.nic.in/",
    "dc.source": "NCERT",
    "dc.subject.prerequisitetopic[]": "",
    "dc.title.alternative": "",
    "lrmi.educationalAlignment.educationLevel": "XIII",
    "lrmi.educationalAlignment.educationalFramework": "Central Board of Secondary Education (CBSE)",
    "lrmi.educationalRole[]": "student",
    "lrmi.educationalUse[]": "reading",
    "lrmi.interactivityType[]": "expositive",
    "lrmi.learningResourceType[]": "book",
    "lrmi.typicalAgeRange[]": ""
}