{
    "dc.title": "Social Science Social and Political Life - III",
    "dc.description.abstract": "Textbook for Class VIII",
    "dcterm.educationlevel": "VIII",
    "dc.identifier.isbn": "9788174508256",
    "dc.date.copyright": "2008",
    "dc.contributor.editor": "Uppal,Shveta||Sutar,Bijnan",
    "dc.contributor.illustrator": "Dipankar,CMAC",
    "dc.date.created": "   Tue Jan 24 20:04:12 2017 DST",
    "dc.date.publication": {
        "dc.date.firstPublication": "MarchPhalguna 1929",
        "dc.date.reprint": [
            "JanuaryPausa 1930",
            "DecemberPausa 1931",
            "NovemberKartika 1932",
            "JanuaryMagha 1933",
            "NovemberKartika 1934",
            "December",
            "December",
            "JanuaryPausa 1937",
            "JanuaryMagha 1938"
        ]
    },
    "dc.format.extent": {
        "PageCount": "10",
        "size_in_Bytes": "511503 byt"
    },
    "dc.description.toc": {},
    "dc.subject.ddc": {
        "level1": {
            "300": "Social sciences",
            "800": "Literature"
        },
        "level2": {
            "300": "Social sciences, sociology &amp; anthropology",
            "360": "Social problems &amp; social services"
        },
        "level3": {
            "300": "Social sciences",
            "306": "Culture &amp; institutions",
            "301": "Sociology &amp; anthropology"
        }
    },
    "dc.description.searchVisibility": "TRUE",
    "dc.format.mimetype": "application/pdf",
    "dc.type": "text",
    "dc.language": "eng",
    "dc.contributor.advisosr": "",
    "dc.contributor.author": "",
    "dc.identifier.uri": "",
    "dc.publisher.date": "",
    "dc.publisher.place": "",
    "dc.relation.referenences": "",
    "dc.relation.haspart[]": "",
    "dc.relation.ispartof": "",
    "dc.relation.ispartofseries": "",
    "dc.relation.requires[]": "PDFviewer Plugin",
    "dc.rights.accessrights": "Open",
    "dc.source.uri": "http://www.ncert.nic.in/",
    "dc.source": "NCERT",
    "dc.subject.prerequisitetopic[]": "",
    "dc.title.alternative": "",
    "lrmi.educationalAlignment.educationLevel": "VIII",
    "lrmi.educationalAlignment.educationalFramework": "Central Board of Secondary Education (CBSE)",
    "lrmi.educationalRole[]": "student",
    "lrmi.educationalUse[]": "reading",
    "lrmi.interactivityType[]": "expositive",
    "lrmi.learningResourceType[]": "book",
    "lrmi.typicalAgeRange[]": "11-15"
}