{
    "dc.title": "CONTEMPORARY INDIA-I SOCIAL SCIENCE",
    "dc.description.abstract": "TEXTBOOK IN GEOGRAPHY FOR CLASS IX",
    "dcterm.educationlevel": "IX",
    "dc.identifier.isbn": "8174505202",
    "dc.date.copyright": "2006",
    "dc.contributor.editor": "Uppal,Shveta||Banerjee,Benoy",
    "dc.contributor.illustrator": "Agency,Designs||Mishra,Praveen||Sharma,Anil||Verma,Sarita",
    "dc.date.created": "   Fri Dec 16 22:15:08 2016 DST",
    "dc.date.publication": {
        "dc.date.firstPublication": "MarchPhalguna 1927",
        "dc.date.reprint": [
            "NovemberKartika 1928",
            "DecemberPausa 1929",
            "FebruaryPausa 1930",
            "JanuaryMagha 1931",
            "NovemberAgrahayana 1932",
            "JanuaryMagha 1933",
            "NovemberKartika 1934",
            "NovemberKartika 1935",
            "DecemberAgrahayana 1936",
            "FebruaryMagha 1937",
            "DecemberPausa 1938"
        ]
    },
    "dc.format.extent": {
        "PageCount": "11",
        "size_in_Bytes": "2321429 byt"
    },
    "dc.description.toc": {
        "CHAPTER 1: India ' Size and Location ": "1",
        "CHAPTER 2: Physical Features of India ": "7",
        "CHAPTER 3: Drainage ": "17",
        "CHAPTER 4: Climate ": "26",
        "CHAPTER 5: Natural Vegetation and Wild Life ": "42",
        "CHAPTER 6: 6.1 Population GLOSSARY ": "53",
        "6.2 APPENDIX ": "53"
    },
    "dc.subject.ddc": {
        "level1": {
            "900": "History &amp; geography",
            "200": "Religion"
        },
        "level2": {
            "900": "History",
            "910": "Geography &amp; travel"
        },
        "level3": {}
    },
    "dc.description.searchVisibility": "TRUE",
    "dc.format.mimetype": "application/pdf",
    "dc.type": "text",
    "dc.language": "eng",
    "dc.contributor.advisosr": "",
    "dc.contributor.author": "",
    "dc.identifier.uri": "",
    "dc.publisher.date": "",
    "dc.publisher.place": "",
    "dc.relation.referenences": "",
    "dc.relation.haspart[]": "",
    "dc.relation.ispartof": "",
    "dc.relation.ispartofseries": "",
    "dc.relation.requires[]": "PDFviewer Plugin",
    "dc.rights.accessrights": "Open",
    "dc.source.uri": "http://www.ncert.nic.in/",
    "dc.source": "NCERT",
    "dc.subject.prerequisitetopic[]": "",
    "dc.title.alternative": "",
    "lrmi.educationalAlignment.educationLevel": "IX",
    "lrmi.educationalAlignment.educationalFramework": "Central Board of Secondary Education (CBSE)",
    "lrmi.educationalRole[]": "student",
    "lrmi.educationalUse[]": "reading",
    "lrmi.interactivityType[]": "expositive",
    "lrmi.learningResourceType[]": "book",
    "lrmi.typicalAgeRange[]": "12-16"
}