{
    "dc.title": "SOCIAL SCIENCE The Earth : Our Habitat",
    "dc.description.abstract": "TEXTBOOK IN GEOGRAPHY FOR CLASS VI",
    "dcterm.educationlevel": "VI",
    "dc.identifier.isbn": "8174504915",
    "dc.date.copyright": "2006",
    "dc.contributor.editor": "Uppal,Shveta",
    "dc.contributor.illustrator": "Gupta,Meha||Mishra,Praveen||Singh,Ishwar||Tyagi,Narendra||Verma,Sarita",
    "dc.date.created": "   Wed Dec 21 15:54:06 2016 DST",
    "dc.date.publication": {
        "dc.date.firstPublication": "FebruaryPhalguna 1927",
        "dc.date.reprint": [
            "DecemberPausa 1928",
            "NovemberKartika 1929",
            "JanuaryPausa 1930",
            "DecemberAgrahayana 1931",
            "NovemberKartika 1932",
            "FebruaryPhalguna 1933",
            "NovemberKartika 1934",
            "NovemberKartika 1935",
            "DecemberAgrahayana 1937",
            "DecemberAgrahayana 1938"
        ]
    },
    "dc.format.extent": {
        "PageCount": "9",
        "size_in_Bytes": "3229819 byt"
    },
    "dc.description.toc": {
        "1.: The Earth in the Solar System......................... ": "1",
        "2.: Globe : Latitudes and Longitudes.................... ": "10",
        "3.: Motions of the Earth........................................ ": "18",
        "4.: Maps................................................................ ": "23",
        "5.: Major Domains of the Earth............................. ": "30",
        "6.: Major Landforms of the Earth.......................... ": "39",
        "7.: Our Country ' India......................................... ": "47",
        "8.: 8.1 India : Climate, Vegetation and Wildlife........... Appendix I............................................................ ": "56",
        "8.2 Appendix II........................................................... ": "56"
    },
    "dc.subject.ddc": {
        "level1": {
            "900": "History &amp; geography",
            "200": "Religion",
            "500": "Science"
        },
        "level2": {
            "910": "Geography &amp; travel",
            "900": "History"
        },
        "level3": {}
    },
    "dc.description.searchVisibility": "TRUE",
    "dc.format.mimetype": "application/pdf",
    "dc.type": "text",
    "dc.language": "eng",
    "dc.contributor.advisosr": "",
    "dc.contributor.author": "",
    "dc.identifier.uri": "",
    "dc.publisher.date": "",
    "dc.publisher.place": "",
    "dc.relation.referenences": "",
    "dc.relation.haspart[]": "",
    "dc.relation.ispartof": "",
    "dc.relation.ispartofseries": "",
    "dc.relation.requires[]": "PDFviewer Plugin",
    "dc.rights.accessrights": "Open",
    "dc.source.uri": "http://www.ncert.nic.in/",
    "dc.source": "NCERT",
    "dc.subject.prerequisitetopic[]": "",
    "dc.title.alternative": "",
    "lrmi.educationalAlignment.educationLevel": "VI",
    "lrmi.educationalAlignment.educationalFramework": "Central Board of Secondary Education (CBSE)",
    "lrmi.educationalRole[]": "student",
    "lrmi.educationalUse[]": "reading",
    "lrmi.interactivityType[]": "expositive",
    "lrmi.learningResourceType[]": "book",
    "lrmi.typicalAgeRange[]": "9-13"
}