{
    "dc.title": "",
    "dc.description.abstract": "Textbook in English for Class IX",
    "dcterm.educationlevel": "IX",
    "dc.identifier.isbn": "8174505024",
    "dc.date.copyright": "2006",
    "dc.contributor.editor": "Uppal,Shveta||Sankaranarayanan,Vijayam",
    "dc.contributor.illustrator": "Wadhwa,Nidhi",
    "dc.date.created": "   Fri Dec 23 16:55:15 2016 DST",
    "dc.date.publication": {
        "dc.date.firstPublication": "FebruaryPhalguna 1927",
        "dc.date.reprint": [
            "OctoberKartika 1928",
            "OctoberKartika 1929",
            "DecemberAgrahayana 1931",
            "JanuaryMagha 1932",
            "JanuaryPausa 1933",
            "DecemberAgrahayana 1934",
            "FebruaryMagha 1935",
            "DecemberPausa 1936",
            "DecemberAgrahayana 1937",
            "DecemberPausa 1938"
        ]
    },
    "dc.format.extent": {
        "PageCount": "8",
        "size_in_Bytes": "1109733 byt"
    },
    "dc.description.toc": {
        "1.: 1.1 The Fun They Had . . . . .  Isaac Asimov": "5",
        "1.2 The Road Not Taken  . . . . .  Robert Frost": "5",
        "2.: 2.1 The Sound of Music  . . . . .  I. EVELYN GLENNIE: Deborah Cowley": "17",
        "2.2 II. BISMILLAH KHAN": "17",
        "2.3 Wind . . . . .  ": "17",
        "2.4 Subramania Bharati": "17",
        "3.: 3.1 The Little Girl . . . . .  Katherine Mansfield": "32",
        "3.2 Rain on the Roof . . . . .  ": "32",
        "3.3 Coates Kinney": "32",
        "3.4 NOTES FOR THE TEACHER . . . . .  ": "32",
        "3.5 Units '": "32",
        "4.: 4.1 A Truly Beautiful Mind . . . . .  The Lake Isle of Innisfree  . . . . .  ": "46",
        "4.2 William Butler Yeats": "46",
        "5.: 5.1 The Snake and the Mirror . . . . .  Vaikom Muhammad Basheer": "56",
        "5.2 A Legend of the Northland . . . . .  ": "56",
        "5.3 Phoebe Cary": "56",
        "6.: 6.1 My Childhood . . . . .  No Men Are Foreign . . . . .  ": "68",
        "6.2 James Kirkup": "68",
        "7.: 7.1 Packing . . . . .  Jerome K. Jerome": "82",
        "7.2 The Duck and the Kangaroo . . . . .  ": "82",
        "7.3 Edward Lear": "82",
        "7.4 NOTES FOR THE TEACHER . . . . .  ": "82",
        "7.5 Units  '": "82",
        "8.: 8.1 Reach for the Top . . . . .  I. SANTOSH YADAV": "99",
        "8.2 II. M   ARIA SHARAPOVA": "99",
        "8.3 On Killing a Tree . . . . .  ": "99",
        "8.4 Gieve Patel": "99",
        "9.: 9.1 The Bond of Love . . . . .  Kenneth Anderson": "113",
        "9.2 The Snake Trying . . . . .  ": "113",
        "9.3 W. W. E. Ross": "113",
        "10.: 10.1 Kathmandu . . . . .  Vikram Seth": "127",
        "10.2 A Slumber Did My Spirit Seal . . . . .  ": "127",
        "10.3 William Wordsworth": "127",
        "11.: If I Were You . . . . .  Douglas Jamesviii": "138"
    },
    "dc.subject.ddc": {
        "level1": {
            "800": "Literature",
            "200": "Religion"
        },
        "level2": {
            "830": "German &amp; related literatures",
            "820": "English &amp; Old English literatures",
            "810": "American literature in English"
        },
        "level3": {}
    },
    "dc.description.searchVisibility": "TRUE",
    "dc.format.mimetype": "application/pdf",
    "dc.type": "text",
    "dc.language": "eng",
    "dc.contributor.advisosr": "",
    "dc.contributor.author": "",
    "dc.identifier.uri": "",
    "dc.publisher.date": "",
    "dc.publisher.place": "",
    "dc.relation.referenences": "",
    "dc.relation.haspart[]": "",
    "dc.relation.ispartof": "",
    "dc.relation.ispartofseries": "",
    "dc.relation.requires[]": "PDFviewer Plugin",
    "dc.rights.accessrights": "Open",
    "dc.source.uri": "http://www.ncert.nic.in/",
    "dc.source": "NCERT",
    "dc.subject.prerequisitetopic[]": "",
    "dc.title.alternative": "",
    "lrmi.educationalAlignment.educationLevel": "IX",
    "lrmi.educationalAlignment.educationalFramework": "Central Board of Secondary Education (CBSE)",
    "lrmi.educationalRole[]": "student",
    "lrmi.educationalUse[]": "reading",
    "lrmi.interactivityType[]": "expositive",
    "lrmi.learningResourceType[]": "book",
    "lrmi.typicalAgeRange[]": "12-16"
}