{
    "dc.title": "Boo ics s IV MATH - MAGIC",
    "dc.description.abstract": "",
    "dcterm.educationlevel": "",
    "dc.identifier.isbn": "8174506985",
    "dc.date.copyright": "2007",
    "dc.contributor.editor": "",
    "dc.contributor.illustrator": "",
    "dc.date.created": "   Sat May 30 18:20:06 2015 DST",
    "dc.date.publication": {
        "dc.date.firstPublication": "MarchChaitra 1928",
        "dc.date.reprint": [
            "JanuaryMagha 1929",
            "FebruaryPhalguna 1930",
            "JanuaryMagha 1931",
            "NovemberKartika 1932",
            "JanuaryMagha 1933",
            "December",
            "December",
            "December"
        ]
    },
    "dc.format.extent": {
        "PageCount": "7",
        "size_in_Bytes": "25014669 byt"
    },
    "dc.description.toc": {
        "1.: Building with Bricks ": "1",
        "2.: Long and Short ": "13",
        "3.: A Trip to Bhopal ": "23",
        "4.: Tick-Tick-Tick ": "35",
        "5.: The Way The World Looks ": "52",
        "6.: The Junk Seller ": "60",
        "7.: Jugs and Mugs ": "69",
        "8.: Carts and Wheels ": "81",
        "9.: Halves and Quarters ": "94",
        "10.: Play with Patterns ": "107",
        "11.: Tables and Shares ": "120",
        "12.: How Heavy? How Light? ": "133",
        "13.: Fields and Fences ": "149",
        "14.: Smart Charts ": "162"
    },
    "dc.subject.ddc": {
        "level1": {
            "800": "Literature",
            "400": "Language",
            "700": "Arts &amp; recreation"
        },
        "level2": {
            "810": "American literature in English",
            "820": "English &amp; Old English literatures",
            "830": "German &amp; related literatures",
            "800": "Literature, rhetoric &amp; criticism"
        },
        "level3": {}
    },
    "dc.description.searchVisibility": "TRUE",
    "dc.format.mimetype": "application/pdf",
    "dc.type": "text",
    "dc.language": "eng",
    "dc.contributor.advisosr": "",
    "dc.contributor.author": "",
    "dc.identifier.uri": "",
    "dc.publisher.date": "",
    "dc.publisher.place": "",
    "dc.relation.referenences": "",
    "dc.relation.haspart[]": "",
    "dc.relation.ispartof": "",
    "dc.relation.ispartofseries": "",
    "dc.relation.requires[]": "PDFviewer Plugin",
    "dc.rights.accessrights": "Open",
    "dc.source.uri": "http://www.ncert.nic.in/",
    "dc.source": "NCERT",
    "dc.subject.prerequisitetopic[]": "",
    "dc.title.alternative": "",
    "lrmi.educationalAlignment.educationLevel": "XIII",
    "lrmi.educationalAlignment.educationalFramework": "Central Board of Secondary Education (CBSE)",
    "lrmi.educationalRole[]": "student",
    "lrmi.educationalUse[]": "reading",
    "lrmi.interactivityType[]": "expositive",
    "lrmi.learningResourceType[]": "book",
    "lrmi.typicalAgeRange[]": ""
}