{
    "dc.title": "INTRODUCING SOCIOLOGY",
    "dc.description.abstract": "TEXTBOOK FOR CLASS XI",
    "dcterm.educationlevel": "XI",
    "dc.identifier.isbn": "8174505334",
    "dc.date.copyright": "2006",
    "dc.contributor.editor": "Uppal,Shveta||Bhardwaj,R.",
    "dc.contributor.illustrator": "Rao,Shweta",
    "dc.date.created": "   Tue Dec 20 15:07:54 2016 DST",
    "dc.date.publication": {
        "dc.date.firstPublication": "MarchPhalguna 1927",
        "dc.date.reprint": [
            "DecemberAgrahayana 1929",
            "DecemberPausa 1930",
            "JanuaryMagha 1931",
            "JanuaryMagha 1932",
            "MarchPhalguna 1933",
            "AprilChaitra 1935",
            "MarchPhalguna 1935",
            "JanuaryMagha 1936",
            "DecemberAgrahayana 1937",
            "DecemberKartika 1938"
        ]
    },
    "dc.format.extent": {
        "PageCount": "10",
        "size_in_Bytes": "1162481 byt"
    },
    "dc.description.toc": {
        "1.: SOCIOLOGY AND SOCIETY ": "1",
        "2.: TERMS, CONCEPTS AND THEIR USE IN SOCIOLOGY ": "24",
        "3.: UNDERSTANDING SOCIAL INSTITUTIONS ": "40",
        "4.: CULTURE AND SOCIALISATION ": "63",
        "5.: DOING SOCIOLOGY: RESEARCH METHODS ": "82"
    },
    "dc.subject.ddc": {
        "level1": {
            "300": "Social sciences",
            "200": "Religion"
        },
        "level2": {
            "300": "Social sciences, sociology &amp; anthropology",
            "390": "Customs, etiquette &amp; folklore"
        },
        "level3": {
            "306": "Culture &amp; institutions",
            "300": "Social sciences"
        }
    },
    "dc.description.searchVisibility": "TRUE",
    "dc.format.mimetype": "application/pdf",
    "dc.type": "text",
    "dc.language": "eng",
    "dc.contributor.advisosr": "",
    "dc.contributor.author": "",
    "dc.identifier.uri": "",
    "dc.publisher.date": "",
    "dc.publisher.place": "",
    "dc.relation.referenences": "",
    "dc.relation.haspart[]": "",
    "dc.relation.ispartof": "",
    "dc.relation.ispartofseries": "",
    "dc.relation.requires[]": "PDFviewer Plugin",
    "dc.rights.accessrights": "Open",
    "dc.source.uri": "http://www.ncert.nic.in/",
    "dc.source": "NCERT",
    "dc.subject.prerequisitetopic[]": "",
    "dc.title.alternative": "",
    "lrmi.educationalAlignment.educationLevel": "XI",
    "lrmi.educationalAlignment.educationalFramework": "Central Board of Secondary Education (CBSE)",
    "lrmi.educationalRole[]": "student",
    "lrmi.educationalUse[]": "reading",
    "lrmi.interactivityType[]": "expositive",
    "lrmi.learningResourceType[]": "book",
    "lrmi.typicalAgeRange[]": "14-18"
}