{
    "dc.title": "Psychology",
    "dc.description.abstract": "TEXTBOOK FOR CLASS XII",
    "dcterm.educationlevel": "XII",
    "dc.identifier.isbn": "8174506608",
    "dc.date.copyright": "2007",
    "dc.contributor.editor": "Uppal,Shveta||Sutar,Bijnan",
    "dc.contributor.illustrator": "Wadhwa,Nidhi",
    "dc.date.created": "   Thu Feb 16 22:18:42 2017 DST",
    "dc.date.publication": {
        "dc.date.firstPublication": "JanuaryMagha 1928",
        "dc.date.reprint": [
            "OctoberKartika 1929",
            "JanuaryPausa 1930",
            "DecemberAgrahayana 1931",
            "DecemberKartika 1932",
            "JanuaryMagha 1933",
            "NovemberKartika 1935",
            "DecemberPausa 1937",
            "FebruaryMagha 1938"
        ]
    },
    "dc.format.extent": {
        "PageCount": "14",
        "size_in_Bytes": "1450291 byt"
    },
    "dc.description.toc": {
        "Chapter 1: Variations in Psychological Attributes ": "1",
        "Chapter 2: Self and Personality ": "23",
        "Chapter 3: Meeting Life Challenges ": "50",
        "Chapter 4: Psychological Disorders ": "69",
        "Chapter 5: Therapeutic Approaches ": "89",
        "Chapter 6: Attitude and Social Cognition ": "106",
        "Chapter 7: Social Influence and Group Processes ": "129",
        "Chapter 8: Psychology and Life ": "152",
        "Chapter 9: 9.1 Developing Psychological Skills Guidelines for Practicals in Psychology ": "177",
        "9.2 Glossary ": "177",
        "9.3 Suggested Readings ": "177"
    },
    "dc.subject.ddc": {
        "level1": {
            "100": "Philosophy &amp; psychology",
            "300": "Social sciences",
            "800": "Literature"
        },
        "level2": {
            "150": "Psychology",
            "120": "Epistemology"
        },
        "level3": {}
    },
    "dc.description.searchVisibility": "TRUE",
    "dc.format.mimetype": "application/pdf",
    "dc.type": "text",
    "dc.language": "eng",
    "dc.contributor.advisosr": "",
    "dc.contributor.author": "",
    "dc.identifier.uri": "",
    "dc.publisher.date": "",
    "dc.publisher.place": "",
    "dc.relation.referenences": "",
    "dc.relation.haspart[]": "",
    "dc.relation.ispartof": "",
    "dc.relation.ispartofseries": "",
    "dc.relation.requires[]": "PDFviewer Plugin",
    "dc.rights.accessrights": "Open",
    "dc.source.uri": "http://www.ncert.nic.in/",
    "dc.source": "NCERT",
    "dc.subject.prerequisitetopic[]": "",
    "dc.title.alternative": "",
    "lrmi.educationalAlignment.educationLevel": "XII",
    "lrmi.educationalAlignment.educationalFramework": "Central Board of Secondary Education (CBSE)",
    "lrmi.educationalRole[]": "student",
    "lrmi.educationalUse[]": "reading",
    "lrmi.interactivityType[]": "expositive",
    "lrmi.learningResourceType[]": "book",
    "lrmi.typicalAgeRange[]": "15-19"
}