{
    "dc.title": "",
    "dc.description.abstract": "TEXTBOOK IN HISTORY FOR CLASS XI",
    "dcterm.educationlevel": "XI",
    "dc.identifier.isbn": "8174505482",
    "dc.date.copyright": "2006",
    "dc.contributor.editor": "Uppal,Shveta",
    "dc.contributor.illustrator": "Creations,Arrt||Varghese,K",
    "dc.date.created": "   Wed Mar  1 16:55:44 2017 DST",
    "dc.date.publication": {
        "dc.date.firstPublication": "MarchChaitra 1928",
        "dc.date.reprint": [
            "DecemberPausa 1928",
            "DecemberPausa 1929",
            "DecemberPausa 1930",
            "JanuaryMagha 1931",
            "JuneJyaistha 1933",
            "FebruaryMagha 1934",
            "NovemberKartika 1935",
            "JanuaryPausa 1935",
            "DecemberPausa 1936",
            "FebruaryMagha 1937",
            "FebruaryPhalguna 1938"
        ]
    },
    "dc.format.extent": {
        "PageCount": "10",
        "size_in_Bytes": "6066792 byt"
    },
    "dc.description.toc": {
        "Theme : : From the Beginning of Time _ ": "8",
        "Theme 2: 2.1 Writing and City Life _ Section II EMPIRES": "29",
        "2.2 Introduction  ": "29",
        "2.3 Timeline II (C.  BCE TO  CE) _ ": "29",
        "Theme 3:  An Empire Across Three Continents _ ": "58",
        "Theme 4:  The Central Islamic Lands _ ": "77",
        "Theme 5: 5.1 Nomadic Empires  Section III CHANGING TRADITIONS": "104",
        "5.2 Introduction  ": "104",
        "5.3 Timeline III (C.  TO )  ": "104",
        "Theme 6:  The Three Orders _ ": "132",
        "Theme 7:  Changing Cultural Traditions  ": "152",
        "Theme 8: 8.1 Confrontation of Cultures  Section IV TOWARDS MODERNISATION": "168",
        "8.2 Introduction  ": "168",
        "8.3 Timeline IV (C.  TO )  ": "168",
        "Theme 9:  The Industrial Revolution  ": "196",
        "Theme 10:  Displacing Indigenous Peoples  ": "213"
    },
    "dc.subject.ddc": {
        "level1": {
            "900": "History &amp; geography",
            "800": "Literature"
        },
        "level2": {
            "900": "History"
        },
        "level3": {}
    },
    "dc.description.searchVisibility": "TRUE",
    "dc.format.mimetype": "application/pdf",
    "dc.type": "text",
    "dc.language": "eng",
    "dc.contributor.advisosr": "",
    "dc.contributor.author": "",
    "dc.identifier.uri": "",
    "dc.publisher.date": "",
    "dc.publisher.place": "",
    "dc.relation.referenences": "",
    "dc.relation.haspart[]": "",
    "dc.relation.ispartof": "",
    "dc.relation.ispartofseries": "",
    "dc.relation.requires[]": "PDFviewer Plugin",
    "dc.rights.accessrights": "Open",
    "dc.source.uri": "http://www.ncert.nic.in/",
    "dc.source": "NCERT",
    "dc.subject.prerequisitetopic[]": "",
    "dc.title.alternative": "",
    "lrmi.educationalAlignment.educationLevel": "XI",
    "lrmi.educationalAlignment.educationalFramework": "Central Board of Secondary Education (CBSE)",
    "lrmi.educationalRole[]": "student",
    "lrmi.educationalUse[]": "reading",
    "lrmi.interactivityType[]": "expositive",
    "lrmi.learningResourceType[]": "book",
    "lrmi.typicalAgeRange[]": "14-18"
}