{
    "dc.title": "A PACT WITH THE SUN",
    "dc.description.abstract": "Supplementary Reader in English for Class VI",
    "dcterm.educationlevel": "VI",
    "dc.identifier.isbn": "8174504842",
    "dc.date.copyright": "2006",
    "dc.contributor.editor": "Uppal,Shveta||Sankaranarayanan,Vijayam",
    "dc.contributor.illustrator": "Rao,Shweta||Shaligram,Bhushan",
    "dc.date.created": "   Wed Dec 21 15:43:13 2016 DST",
    "dc.date.publication": {
        "dc.date.firstPublication": "FebruaryPhalguna 1927",
        "dc.date.reprint": [
            "JanuaryMagha 1928",
            "OctoberKartika 1929",
            "MarchPhalguna 1930",
            "December",
            "JanuaryPausa 1932",
            "JanuaryMagha 1933",
            "DecemberAgrahayana 1934",
            "NovemberKartika 1935",
            "DecemberPausa 1936",
            "DecemberAgrahayana 1937",
            "DecemberPausa 1938"
        ]
    },
    "dc.format.extent": {
        "PageCount": "11",
        "size_in_Bytes": "4846860 byt"
    },
    "dc.description.toc": {
        "1.: A Tale of Two Birds . . . . .  ": "1",
        "2.: The Friendly Mongoose . . . . .  ": "4",
        "3.: The Shepherd's Treasure . . . . .  ": "7",
        "4.: The Old-Clock Shop . . . . .  ": "11",
        "5.: Tansen . . . . .  ": "15",
        "6.: The Monkey and the Crocodile . . . . .  ": "20",
        "7.: The Wonder Called Sleep . . . . .  ": "25",
        "8.: A Pact with the Sun . . . . .  ": "28",
        "9.: What Happened to the Reptiles . . . . .  ": "33",
        "10.: A Strange Wrestling Match . . . . .  ": "43"
    },
    "dc.subject.ddc": {
        "level1": {
            "800": "Literature",
            "400": "Language"
        },
        "level2": {
            "800": "Literature, rhetoric &amp; criticism",
            "830": "German &amp; related literatures",
            "820": "English &amp; Old English literatures"
        },
        "level3": {}
    },
    "dc.description.searchVisibility": "TRUE",
    "dc.format.mimetype": "application/pdf",
    "dc.type": "text",
    "dc.language": "eng",
    "dc.contributor.advisosr": "",
    "dc.contributor.author": "",
    "dc.identifier.uri": "",
    "dc.publisher.date": "",
    "dc.publisher.place": "",
    "dc.relation.referenences": "",
    "dc.relation.haspart[]": "",
    "dc.relation.ispartof": "",
    "dc.relation.ispartofseries": "",
    "dc.relation.requires[]": "PDFviewer Plugin",
    "dc.rights.accessrights": "Open",
    "dc.source.uri": "http://www.ncert.nic.in/",
    "dc.source": "NCERT",
    "dc.subject.prerequisitetopic[]": "",
    "dc.title.alternative": "",
    "lrmi.educationalAlignment.educationLevel": "VI",
    "lrmi.educationalAlignment.educationalFramework": "Central Board of Secondary Education (CBSE)",
    "lrmi.educationalRole[]": "student",
    "lrmi.educationalUse[]": "reading",
    "lrmi.interactivityType[]": "expositive",
    "lrmi.learningResourceType[]": "book",
    "lrmi.typicalAgeRange[]": "9-13"
}