{
    "dc.title": "Marigold :Book Five",
    "dc.description.abstract": "Textbook in English",
    "dcterm.educationlevel": "",
    "dc.identifier.isbn": "9788174508133",
    "dc.date.copyright": "2008",
    "dc.contributor.editor": "Uppal,Shveta",
    "dc.contributor.illustrator": "Fish,Blue||Mehtani,Henu||Mistry,Suvidha||Thapar,Bindia",
    "dc.date.created": "   ",
    "dc.date.publication": {
        "dc.date.firstPublication": "FebruaryPhalguna 1929",
        "dc.date.reprint": [
            "JanuaryPausa 1930",
            "JanuaryMagha 1931",
            "JanuaryMagha 1932",
            "JanuaryMagha 1933",
            "DecemberAgrahayana 1934",
            "NovemberKartika 1935",
            "NovemberAgrahayana 1936",
            "NovemberKartika 1937",
            "FebruaryMagha 1938"
        ]
    },
    "dc.format.extent": {
        "PageCount": "6",
        "size_in_Bytes": "10191941 byt"
    },
    "dc.description.toc": {},
    "dc.subject.ddc": {
        "level1": {
            "400": "Language"
        },
        "level2": {
            "410": "Linguistics",
            "400": "Language",
            "430": "German &amp; related languages"
        },
        "level3": {}
    },
    "dc.description.searchVisibility": "TRUE",
    "dc.format.mimetype": "application/pdf",
    "dc.type": "text",
    "dc.language": "eng",
    "dc.contributor.advisosr": "",
    "dc.contributor.author": "",
    "dc.identifier.uri": "",
    "dc.publisher.date": "",
    "dc.publisher.place": "",
    "dc.relation.referenences": "",
    "dc.relation.haspart[]": "",
    "dc.relation.ispartof": "",
    "dc.relation.ispartofseries": "",
    "dc.relation.requires[]": "PDFviewer Plugin",
    "dc.rights.accessrights": "Open",
    "dc.source.uri": "http://www.ncert.nic.in/",
    "dc.source": "NCERT",
    "dc.subject.prerequisitetopic[]": "",
    "dc.title.alternative": "",
    "lrmi.educationalAlignment.educationLevel": "XIII",
    "lrmi.educationalAlignment.educationalFramework": "Central Board of Secondary Education (CBSE)",
    "lrmi.educationalRole[]": "student",
    "lrmi.educationalUse[]": "reading",
    "lrmi.interactivityType[]": "expositive",
    "lrmi.learningResourceType[]": "book",
    "lrmi.typicalAgeRange[]": ""
}