{
    "dc.title": "PHYSICS PART I",
    "dc.description.abstract": "TEXTBOOK FOR CLASS XI",
    "dcterm.educationlevel": "XI",
    "dc.identifier.isbn": "8174505083",
    "dc.date.copyright": "2006",
    "dc.contributor.editor": "Yadav,Naresh||Bhardwaj,R.N.",
    "dc.contributor.illustrator": "Rao,Shweta",
    "dc.date.created": "   Wed Mar  1 15:31:25 2017 DST",
    "dc.date.publication": {
        "dc.date.firstPublication": "FebruaryPhalguna 1927",
        "dc.date.reprint": [
            "FebruaryPhalguna 1927",
            "OctoberKartika 1928",
            "DecemberPausa 1929",
            "JanuaryPausa 1930",
            "JanuaryPausa 1931",
            "JanuaryPausa 1932",
            "MarchPhalguna 1933",
            "NovemberKartika 1934",
            "NovemberKartika 1935"
        ]
    },
    "dc.format.extent": {
        "PageCount": "14",
        "size_in_Bytes": "1393752 byt"
    },
    "dc.description.toc": {
        "C  H  A  P  T  E  R      1: 1.1 PHYSICAL WORLD": "1",
        "1.2 . What is physics ? ": "1",
        "1.3 . Scope and excitement of physics ": "1",
        "1.4 . Physics, technology and society ": "1",
        "1.5 . Fundamental forces in nature ": "1",
        "1.6 . Nature of physical laws ": "1",
        "C  H  A  P  T  E  R      2: 2.1 UNITS AND MEASUREMENTS": "2",
        "2.2 . Introduction ": "2",
        "2.3 . The international system of units ": "2",
        "2.4 . Measurement of length ": "2",
        "2.5 . Measurement of mass ": "2",
        "2.6 . Measurement of time ": "2",
        "2.7 . Accuracy, precision of instruments and errors in measurement ": "2",
        "2.8 . Significant figures ": "2",
        "2.9 . Dimensions of physical quantities ": "2",
        "2.10 . Dimensional formulae and dimensional equations ": "2",
        "2.11 . Dimensional analysis and its applications ": "2",
        "C  H  A  P  T  E  R     3: 3.1 MOTION IN A STRAIGHT LINE": "3",
        "3.2 . Introduction ": "3",
        "3.3 . Position, path length and displacement ": "3",
        "3.4 . Average velocity and average speed ": "3",
        "3.5 . Instantaneous velocity and speed ": "3",
        "3.6 . Acceleration ": "3",
        "3.7 . Kinematic equations for uniformly accelerated motion ": "3",
        "3.8 . Relative velocity ": "3",
        "C  H  A  P  T  E  R      4: 4.1 MOTION IN A PLANE": "4",
        "4.2 . Introduction ": "4",
        "4.3 . Scalars and vectors ": "4",
        "4.4 . Multiplication of vectors by real numbers ": "4",
        "4.5 ": "4",
        "4.6 xii": "4",
        "4.7 . Vector addition ' analytical method ": "4",
        "4.8 . Motion in a plane ": "4",
        "4.9 . Motion in a plane with constant acceleration ": "4",
        "4.10 . Relative velocity in two dimensions ": "4",
        "4.11 . Projectile motion ": "4",
        "4.12 . Uniform circular motion ": "4",
        "C  H  A  P  T  E  R      5: 5.1 LAWS OF MOTION": "5",
        "5.2 . Introduction ": "5",
        "5.3 . Aristotle's fallacy ": "5",
        "5.4 . The law of inertia ": "5",
        "5.5 . Newton's first law of motion ": "5",
        "5.6 . Newton's second law of motion ": "5",
        "5.7 . Newton's third law of motion ": "5",
        "5.8 . Conservation of momentum ": "5",
        "5.9 . Equilibrium of a particle ": "5",
        "5.10 . Common forces in mechanics ": "5",
        "5.11 . Circular motion ": "5",
        "5.12 . Solving problems in mechanics ": "5",
        "C  H  A  P  T  E  R      6: 6.1 WORK, ENERGY AND POWER": "6",
        "6.2 . Introduction ": "6",
        "6.3 . Notions of work and kinetic energy : The work-energy theorem ": "6",
        "6.4 . Work ": "6",
        "6.5 . Kinetic energy ": "6",
        "6.6 . Work done by a variable force ": "6",
        "6.7 . The work-energy theorem for a variable force ": "6",
        "6.8 . The concept of potential energy ": "6",
        "6.9 . The conservation of mechanical energy ": "6",
        "6.10 . The potential energy of a spring ": "6",
        "6.11 . Various forms of energy : the law of conservation of energy ": "6",
        "6.12 . Power ": "6",
        "6.13 . Collisions ": "6",
        "C  H  A  P  T  E  R      7: 7.1 SYSTEM OF PARTICLES AND ROTATIONAL MOTION": "7",
        "7.2 . Introduction ": "7",
        "7.3 . Centre of mass ": "7",
        "7.4 . Motion of centre of mass ": "7",
        "7.5 . Linear momentum of a system of particles ": "7",
        "7.6 . Vector product of two vectors ": "7",
        "7.7 . Angular velocity and its relation with linear velocity ": "7",
        "7.8 . Torque and angular momentum ": "7",
        "7.9 . Equilibrium of a rigid body ": "7",
        "7.10 ": "7",
        "7.11 xiii": "7",
        "7.12 . Kinematics of rotational motion about a fixed axis ": "7",
        "7.13 . Dynamics of rotational motion about a fixed axis ": "7",
        "7.14 . Angular momentum in case of rotations about a fixed axis ": "7",
        "7.15 . Rolling motion ": "7",
        "C  H  A  P  T  E  R      8: 8.1 GRAVITATION": "8",
        "8.2 . Introduction ": "8",
        "8.3 . Kepler's laws ": "8",
        "8.4 . Universal law of gravitation ": "8",
        "8.5 . The gravitational constant ": "8",
        "8.6 . Acceleration due to gravity of the earth ": "8",
        "8.7 . Acceleration due to gravity below and above the surface of earth ": "8",
        "8.8 . Gravitational potential energy ": "8",
        "8.9 . Escape speed ": "8",
        "8.10 . Earth satellite ": "8",
        "8.11 . Energy of an orbiting satellite ": "8",
        "8.12 . Geostationary and polar satellites ": "8",
        "8.13 . Weightlessness ": "8",
        "8.14 APPENDICES ": "8",
        "8.15 ANSWERS ": "8"
    },
    "dc.subject.ddc": {
        "level1": {
            "500": "Science"
        },
        "level2": {
            "530": "Physics"
        },
        "level3": {
            "531": "Classical mechanics; solid mechanics"
        }
    },
    "dc.description.searchVisibility": "TRUE",
    "dc.format.mimetype": "application/pdf",
    "dc.type": "text",
    "dc.language": "eng",
    "dc.contributor.advisosr": "",
    "dc.contributor.author": "",
    "dc.identifier.uri": "",
    "dc.publisher.date": "",
    "dc.publisher.place": "",
    "dc.relation.referenences": "",
    "dc.relation.haspart[]": "",
    "dc.relation.ispartof": "",
    "dc.relation.ispartofseries": "",
    "dc.relation.requires[]": "PDFviewer Plugin",
    "dc.rights.accessrights": "Open",
    "dc.source.uri": "http://www.ncert.nic.in/",
    "dc.source": "NCERT",
    "dc.subject.prerequisitetopic[]": "",
    "dc.title.alternative": "",
    "lrmi.educationalAlignment.educationLevel": "XI",
    "lrmi.educationalAlignment.educationalFramework": "Central Board of Secondary Education (CBSE)",
    "lrmi.educationalRole[]": "student",
    "lrmi.educationalUse[]": "reading",
    "lrmi.interactivityType[]": "expositive",
    "lrmi.learningResourceType[]": "book",
    "lrmi.typicalAgeRange[]": "14-18"
}