{
    "dc.title": "Mathematics",
    "dc.description.abstract": "Textbook for Class VII",
    "dcterm.educationlevel": "VII",
    "dc.identifier.isbn": "8174506691",
    "dc.date.copyright": "2007",
    "dc.contributor.editor": "Uppal,Shveta||Sutar,Bijnan",
    "dc.contributor.illustrator": "Rao,Shweta",
    "dc.date.created": "   Thu Dec  8 20:59:09 2016 DST",
    "dc.date.publication": {
        "dc.date.firstPublication": "FebruaryPhalguna 1928",
        "dc.date.reprint": [
            "OctoberKartika 1929",
            "JanuaryPausa 1930",
            "DecemberPausa 1931",
            "NovemberKartika 1932",
            "JanuaryMagha 1933",
            "NovemberKartika 1934",
            "OctoberAsvina 1935",
            "NovemberAgrahayana 1936",
            "DecemberAgrahayana 1937",
            "DecemberPausa 1938"
        ]
    },
    "dc.format.extent": {
        "PageCount": "14",
        "size_in_Bytes": "1352102 byt"
    },
    "dc.description.toc": {
        "Chapter 1: Integers ": "1",
        "Chapter 2: Fractions and Decimals ": "29",
        "Chapter 3: Data Handling ": "57",
        "Chapter 4: Simple Equations ": "77",
        "Chapter 5: Lines and Angles ": "93",
        "Chapter 6: The Triangle and its Properties ": "113",
        "Chapter 7: Congruence of Triangles ": "133",
        "Chapter 8: Comparing Quantities ": "153",
        "Chapter 9: Rational Numbers ": "173",
        "Chapter 10: Practical Geometry ": "193",
        "Chapter 11: Perimeter and Area ": "205",
        "Chapter 12: Algebraic Expressions ": "229",
        "Chapter 13: Exponents and Powers ": "249",
        "Chapter 14: Symmetry ": "265",
        "Chapter 15: 15.1 Visualising Solid Shapes Answers ": "277",
        "15.2 Brain-Teasers ": "277"
    },
    "dc.subject.ddc": {
        "level1": {
            "500": "Science"
        },
        "level2": {
            "530": "Physics",
            "510": "Mathematics"
        },
        "level3": {
            "537": "Electricity &amp; electronics",
            "531": "Classical mechanics; solid mechanics",
            "532": "Fluid mechanics; liquid mechanics",
            "535": "Light &amp; infrared &amp; ultraviolet phenomena"
        }
    },
    "dc.description.searchVisibility": "TRUE",
    "dc.format.mimetype": "application/pdf",
    "dc.type": "text",
    "dc.language": "eng",
    "dc.contributor.advisosr": "",
    "dc.contributor.author": "",
    "dc.identifier.uri": "",
    "dc.publisher.date": "",
    "dc.publisher.place": "",
    "dc.relation.referenences": "",
    "dc.relation.haspart[]": "",
    "dc.relation.ispartof": "",
    "dc.relation.ispartofseries": "",
    "dc.relation.requires[]": "PDFviewer Plugin",
    "dc.rights.accessrights": "Open",
    "dc.source.uri": "http://www.ncert.nic.in/",
    "dc.source": "NCERT",
    "dc.subject.prerequisitetopic[]": "",
    "dc.title.alternative": "",
    "lrmi.educationalAlignment.educationLevel": "VII",
    "lrmi.educationalAlignment.educationalFramework": "Central Board of Secondary Education (CBSE)",
    "lrmi.educationalRole[]": "student",
    "lrmi.educationalUse[]": "reading",
    "lrmi.interactivityType[]": "expositive",
    "lrmi.learningResourceType[]": "book",
    "lrmi.typicalAgeRange[]": "10-14"
}