{
    "dc.title": "",
    "dc.description.abstract": "",
    "dcterm.educationlevel": "XII",
    "dc.identifier.isbn": "8174505245",
    "dc.date.copyright": "2006",
    "dc.contributor.editor": "Uppal,Shveta||Vijayam,Vijayam",
    "dc.contributor.illustrator": "Kumar,Rajeev||Rao,Shweta",
    "dc.date.created": "   Wed Dec 21 17:38:39 2016 DST",
    "dc.date.publication": {
        "dc.date.firstPublication": "FebruaryPhalguna 1927",
        "dc.date.reprint": [
            "OctoberKartika 1928",
            "OctoberKartika 1929",
            "JanuaryPausa 1930",
            "JanuaryMagha 1931",
            "JanuaryPausa 1932",
            "FebruaryPhalguna 1933",
            "NovemberKartika 1934",
            "NovemberKartika 1935",
            "DecemberPausa 1936",
            "December",
            "OctoberKartika 1938"
        ]
    },
    "dc.format.extent": {
        "PageCount": "10",
        "size_in_Bytes": "1622356 byt"
    },
    "dc.description.toc": {
        "1.: 1.1 The Portrait of a Lady KHUSHWANT SINGH": "3",
        "1.2 A Photograph ": "3",
        "1.3 SHIRLEY TOULSON": "3",
        "2.: We're Not Afraid to Die...if We Can All Be Together GORDON COOK and ALAN EAST": "13",
        "3.: 3.1 Discovering Tut: the": "22",
        "3.2 Saga Continues A.R. WILLIAMS": "22",
        "3.3 The Laburnum Top ": "22",
        "3.4 TED HUGHES": "22",
        "4.: 4.1 Landscape of the Soul NATHALIE TROUVEROY": "34",
        "4.2 The Voice of the Rain ": "34",
        "4.3 WALT WHITMAN": "34",
        "5.: 5.1 The Ailing Planet: the": "43",
        "5.2 Green Movement's Role NANI PALKHIVALA": "43",
        "6.: 6.1 The Browning Version Childhood ": "50",
        "6.2 MARKUS NATTEN": "50",
        "7.: The Adventure JAYANT NARLIKAR": "60",
        "8.: 8.1 Silk Road NICK MIDDLETON": "74",
        "8.2 Father to Son ": "74",
        "8.3 ELIZABETH JENNINGS": "74",
        "8.4 WRITING SKILLS ' ": "74",
        "1.: Note-making ": "89",
        "2.: Summarising ": "94",
        "3.: Sub-titling ": "99",
        "4.: Essay-writing ": "102",
        "5.: Letter-writing ": "107",
        "6.: Creative Writing ": "116"
    },
    "dc.subject.ddc": {
        "level1": {
            "800": "Literature"
        },
        "level2": {
            "830": "German &amp; related literatures",
            "820": "English &amp; Old English literatures",
            "810": "American literature in English"
        },
        "level3": {}
    },
    "dc.description.searchVisibility": "TRUE",
    "dc.format.mimetype": "application/pdf",
    "dc.type": "text",
    "dc.language": "eng",
    "dc.contributor.advisosr": "",
    "dc.contributor.author": "",
    "dc.identifier.uri": "",
    "dc.publisher.date": "",
    "dc.publisher.place": "",
    "dc.relation.referenences": "",
    "dc.relation.haspart[]": "",
    "dc.relation.ispartof": "",
    "dc.relation.ispartofseries": "",
    "dc.relation.requires[]": "PDFviewer Plugin",
    "dc.rights.accessrights": "Open",
    "dc.source.uri": "http://www.ncert.nic.in/",
    "dc.source": "NCERT",
    "dc.subject.prerequisitetopic[]": "",
    "dc.title.alternative": "",
    "lrmi.educationalAlignment.educationLevel": "XII",
    "lrmi.educationalAlignment.educationalFramework": "Central Board of Secondary Education (CBSE)",
    "lrmi.educationalRole[]": "student",
    "lrmi.educationalUse[]": "reading",
    "lrmi.interactivityType[]": "expositive",
    "lrmi.learningResourceType[]": "book",
    "lrmi.typicalAgeRange[]": "15-19"
}