{
    "dc.title": "MATHEMATICS PART II",
    "dc.description.abstract": "Textbook for Class XII",
    "dcterm.educationlevel": "XII",
    "dc.identifier.isbn": "8174506535",
    "dc.date.copyright": "2007",
    "dc.contributor.editor": "Uppal,Shveta||Sutar,Bijnan",
    "dc.contributor.illustrator": "Chawla,Arvinder",
    "dc.date.created": "   Thu Dec 28 20:24:27 2017 DST",
    "dc.date.publication": {
        "dc.date.firstPublication": "JanuaryMagha 1928",
        "dc.date.reprint": [
            "OctoberKartika 1929",
            "JanuaryPausa 1930",
            "DecemberAgrahayana 1931",
            "JanuaryMagha 1933",
            "NovemberKartika 1934",
            "NovemberKartika 1935",
            "DecemberPausa 1936",
            "DecemberPausa 1937",
            "DecemberPausa 1938",
            "DecemberPausa 1939"
        ]
    },
    "dc.format.extent": {
        "PageCount": "12",
        "size_in_Bytes": "399664 byt"
    },
    "dc.description.toc": {
        "Chapter 1: Relations and Functions  ": "1 - 3",
        "Chapter 2: Inverse Trigonometric Functions  -  ": "3 3",
        "Chapter 3: Matrices  - ": "5 6",
        "Chapter 4: Determinants ": "103 - 146",
        "Chapter 5: Continuity and Differentiability ": "147 - 193",
        "Chapter 6: 6.1 Application of Derivatives Appendix : Proofs in Mathematics  - ": "194 - 246",
        "6.2 Appendix : Mathematical Modelling  - ": "194 - 246",
        "6.3 Answers  - ": "194 - 246",
        "6.4 -": "194 - 246"
    },
    "dc.subject.ddc": {
        "level1": {
            "500": "Science"
        },
        "level2": {
            "510": "Mathematics",
            "540": "Chemistry"
        },
        "level3": {
            "510": "Mathematics",
            "518": "Numerical analysis",
            "511": "General principles of mathematics"
        }
    },
    "dc.description.searchVisibility": "TRUE",
    "dc.format.mimetype": "application/pdf",
    "dc.type": "text",
    "dc.language": "eng",
    "dc.contributor.advisosr": "",
    "dc.contributor.author": "",
    "dc.identifier.uri": "",
    "dc.publisher.date": "",
    "dc.publisher.place": "",
    "dc.relation.referenences": "",
    "dc.relation.haspart[]": "",
    "dc.relation.ispartof": "",
    "dc.relation.ispartofseries": "",
    "dc.relation.requires[]": "PDFviewer Plugin",
    "dc.rights.accessrights": "Open",
    "dc.source.uri": "http://www.ncert.nic.in/",
    "dc.source": "NCERT",
    "dc.subject.prerequisitetopic[]": "",
    "dc.title.alternative": "",
    "lrmi.educationalAlignment.educationLevel": "XII",
    "lrmi.educationalAlignment.educationalFramework": "Central Board of Secondary Education (CBSE)",
    "lrmi.educationalRole[]": "student",
    "lrmi.educationalUse[]": "reading",
    "lrmi.interactivityType[]": "expositive",
    "lrmi.learningResourceType[]": "book",
    "lrmi.typicalAgeRange[]": "15-19"
}