{
    "dc.title": "SOCIAL SCIENCE",
    "dc.description.abstract": "Textbook in Political Science for Class IX",
    "dcterm.educationlevel": "IX",
    "dc.identifier.isbn": "8174505377",
    "dc.date.copyright": "2006",
    "dc.contributor.editor": "Uppal,Shveta",
    "dc.contributor.illustrator": "Das,Oroon||Khan,Irfan||Kumar,Rajeev",
    "dc.date.created": "   Wed Jan 25 16:57:46 2017 DST",
    "dc.date.publication": {
        "dc.date.firstPublication": "MarchPhalguna 1927",
        "dc.date.reprint": [
            "JanuaryMagha 1928",
            "JanuaryMagha 1929",
            "DecemberPausa 1930",
            "JanuaryMagha 1931",
            "NovemberKartika 1932",
            "JanuaryMagha 1933",
            "NovemberKartika 1934",
            "DecemberAgrahayana 1935",
            "DecemberPausa 1936",
            "DecemberPausa 1937",
            "JanuaryMagha 1938"
        ]
    },
    "dc.format.extent": {
        "PageCount": "13",
        "size_in_Bytes": "968013 byt"
    },
    "dc.description.toc": {
        "CHAPTER 1: DEMOCRACY IN THE CONTEMPORARY WORLD": "2",
        "CHAPTER 2: WHAT IS DEMOCRACY? WHY DEMOCRACY?": "22",
        "CHAPTER 3: CONSTITUTIONAL DESIGN ": "40",
        "CHAPTER 4: ELECTORAL POLITICS ": "56",
        "CHAPTER 5: WORKING OF INSTITUTIONS ": "78",
        "CHAPTER 6: DEMOCRATIC RIGHTS ": "96"
    },
    "dc.subject.ddc": {
        "level1": {
            "300": "Social sciences",
            "700": "Arts &amp; recreation"
        },
        "level2": {
            "320": "Political science",
            "300": "Social sciences, sociology &amp; anthropology"
        },
        "level3": {}
    },
    "dc.description.searchVisibility": "TRUE",
    "dc.format.mimetype": "application/pdf",
    "dc.type": "text",
    "dc.language": "eng",
    "dc.contributor.advisosr": "",
    "dc.contributor.author": "",
    "dc.identifier.uri": "",
    "dc.publisher.date": "",
    "dc.publisher.place": "",
    "dc.relation.referenences": "",
    "dc.relation.haspart[]": "",
    "dc.relation.ispartof": "",
    "dc.relation.ispartofseries": "",
    "dc.relation.requires[]": "PDFviewer Plugin",
    "dc.rights.accessrights": "Open",
    "dc.source.uri": "http://www.ncert.nic.in/",
    "dc.source": "NCERT",
    "dc.subject.prerequisitetopic[]": "",
    "dc.title.alternative": "",
    "lrmi.educationalAlignment.educationLevel": "IX",
    "lrmi.educationalAlignment.educationalFramework": "Central Board of Secondary Education (CBSE)",
    "lrmi.educationalRole[]": "student",
    "lrmi.educationalUse[]": "reading",
    "lrmi.interactivityType[]": "expositive",
    "lrmi.learningResourceType[]": "book",
    "lrmi.typicalAgeRange[]": "12-16"
}