{
    "dc.title": "Computers and Communication Technology Part II",
    "dc.description.abstract": "Textbook for Class XI",
    "dcterm.educationlevel": "XI",
    "dc.identifier.isbn": "9789350075433",
    "dc.date.copyright": "2010",
    "dc.contributor.editor": "Uppal,Shveta||Sutar,Bijnan",
    "dc.contributor.illustrator": "Tree,Banyan||Tyagi,Ashwani",
    "dc.date.created": "   Mon Jul 28 20:01:20 2014 DST",
    "dc.date.publication": {
        "dc.date.firstPublication": "April",
        "dc.date.reprint": ""
    },
    "dc.format.extent": {
        "PageCount": "14",
        "size_in_Bytes": "1347692 byt"
    },
    "dc.description.toc": {
        "Chapter 9: : Web Page Designing Using HTML ": "231",
        "Chapter 10: 10.1 Client-Side Scripting Using JavaScript UNIT V": "274",
        "10.2 TEAMWORK AND WEB BASED COLLABORATION TOOLS '": "274",
        "Chapter 11: : Project Based Learning ": "325",
        "Chapter 12: 12.1 CCT Projects in Local Context UNIT VI": "349",
        "12.2 EMERGING TECHNOLOGIES '": "349",
        "Chapter 13: : Emerging Trends in CCT ": "359",
        "Chapter 14: 14.1 Computer Controlled Devices GLOSSARY '": "376",
        "14.2 INDEX '": "376"
    },
    "dc.subject.ddc": {
        "level1": {
            "000": "Computer science, information &amp; general works",
            "600": "Technology"
        },
        "level2": {
            "020": "Library &amp; information sciences",
            "000": "Computer science, knowledge &amp; systems"
        },
        "level3": {
            "022": "Administration of physical plant",
            "020": "Library &amp; information sciences"
        }
    },
    "dc.description.searchVisibility": "TRUE",
    "dc.format.mimetype": "application/pdf",
    "dc.type": "text",
    "dc.language": "eng",
    "dc.contributor.advisosr": "",
    "dc.contributor.author": "",
    "dc.identifier.uri": "",
    "dc.publisher.date": "",
    "dc.publisher.place": "",
    "dc.relation.referenences": "",
    "dc.relation.haspart[]": "",
    "dc.relation.ispartof": "",
    "dc.relation.ispartofseries": "",
    "dc.relation.requires[]": "PDFviewer Plugin",
    "dc.rights.accessrights": "Open",
    "dc.source.uri": "http://www.ncert.nic.in/",
    "dc.source": "NCERT",
    "dc.subject.prerequisitetopic[]": "",
    "dc.title.alternative": "",
    "lrmi.educationalAlignment.educationLevel": "XI",
    "lrmi.educationalAlignment.educationalFramework": "Central Board of Secondary Education (CBSE)",
    "lrmi.educationalRole[]": "student",
    "lrmi.educationalUse[]": "reading",
    "lrmi.interactivityType[]": "expositive",
    "lrmi.learningResourceType[]": "book",
    "lrmi.typicalAgeRange[]": "14-18"
}