{
    "dc.title": "Social Science eds Audra Dole lustful 3",
    "dc.description.abstract": "",
    "dcterm.educationlevel": "",
    "dc.identifier.isbn": "9788174508164",
    "dc.date.copyright": "2008",
    "dc.contributor.editor": "Uppal,Shveta||Bhardwaj,R.N.",
    "dc.contributor.illustrator": "Fish,Blue",
    "dc.date.created": "   Fri Dec 16 20:48:55 2016 DST",
    "dc.date.publication": {
        "dc.date.firstPublication": "FebruaryMagha 1929",
        "dc.date.reprint": [
            "FebruaryMagha 1930",
            "JanuaryPausa 1931",
            "JanuaryMagha 1932",
            "JanuaryMagha 1933",
            "NovemberKartika 1934",
            "NovemberKartika 1935",
            "NovemberAgrahayana 1936",
            "DecemberPausa 1937",
            "DecemberPausa 1938"
        ]
    },
    "dc.format.extent": {
        "PageCount": "8",
        "size_in_Bytes": "3704516 byt"
    },
    "dc.description.toc": {
        "Chapter 1: 1.1 ' ": "1 ",
        "1.2 Resources": "1 ",
        "Chapter 2:  ' Land, Soil, Water, Natural Vegetation and Wildlife Resources": "9 ",
        "Chapter 3: 3.1 ' ": "24 ",
        "3.2 Mineral and Power Resources": "24 ",
        "Chapter 4: 4.1 ' ": "40 ",
        "4.2 Agriculture": "40 ",
        "Chapter 5: 5.1 ' ": "50 ",
        "5.2 Industries": "50 ",
        "Chapter 6: 6.1 ' ": "66 ",
        "6.2 Human Resources": "66 "
    },
    "dc.subject.ddc": {
        "level1": {
            "900": "History &amp; geography",
            "000": "Computer science, information &amp; general works",
            "300": "Social sciences"
        },
        "level2": {
            "910": "Geography &amp; travel",
            "930": "History of ancient world (to\u00a0ca.\u00a0499)"
        },
        "level3": {}
    },
    "dc.description.searchVisibility": "TRUE",
    "dc.format.mimetype": "application/pdf",
    "dc.type": "text",
    "dc.language": "eng",
    "dc.contributor.advisosr": "",
    "dc.contributor.author": "",
    "dc.identifier.uri": "",
    "dc.publisher.date": "",
    "dc.publisher.place": "",
    "dc.relation.referenences": "",
    "dc.relation.haspart[]": "",
    "dc.relation.ispartof": "",
    "dc.relation.ispartofseries": "",
    "dc.relation.requires[]": "PDFviewer Plugin",
    "dc.rights.accessrights": "Open",
    "dc.source.uri": "http://www.ncert.nic.in/",
    "dc.source": "NCERT",
    "dc.subject.prerequisitetopic[]": "",
    "dc.title.alternative": "",
    "lrmi.educationalAlignment.educationLevel": "XIII",
    "lrmi.educationalAlignment.educationalFramework": "Central Board of Secondary Education (CBSE)",
    "lrmi.educationalRole[]": "student",
    "lrmi.educationalUse[]": "reading",
    "lrmi.interactivityType[]": "expositive",
    "lrmi.learningResourceType[]": "book",
    "lrmi.typicalAgeRange[]": ""
}