{
    "dc.title": "",
    "dc.description.abstract": "Textbook in History for Class XII",
    "dcterm.educationlevel": "XII",
    "dc.identifier.isbn": "8174506519",
    "dc.date.copyright": "2007",
    "dc.contributor.editor": "Uppal,Shveta",
    "dc.contributor.illustrator": "Creations,Arrt||Varghese,K",
    "dc.date.created": "   Thu Feb 16 22:14:57 2017 DST",
    "dc.date.publication": {
        "dc.date.firstPublication": "JanuaryMagha 1928",
        "dc.date.reprint": [
            "DecemberPausa 1929",
            "DecemberPausa 1930",
            "JanuaryMagha 1931",
            "NovemberKartika 1932",
            "MarchPhalguna 1934",
            "DecemberPausa 1936",
            "FebruaryMagha 1937",
            "FebruaryMagha 1938"
        ]
    },
    "dc.format.extent": {
        "PageCount": "14",
        "size_in_Bytes": "7380984 byt"
    },
    "dc.description.toc": {
        "PART II: .1 THEME FIVE": "",
        ".2 THROUGH THE EYES OF TRAVELLERS:Perceptions of Society": "",
        ".3 (c. tenth to seventeenth centuries)": "",
        ".4 Changes in Religious Beliefs and Devotional Texts": "",
        ".5 (c. eighth to eighteenth centuries)": ""
    },
    "dc.subject.ddc": {
        "level1": {
            "200": "Religion",
            "800": "Literature",
            "900": "History &amp; geography"
        },
        "level2": {
            "200": "Religion",
            "290": "Other religions"
        },
        "level3": {}
    },
    "dc.description.searchVisibility": "TRUE",
    "dc.format.mimetype": "application/pdf",
    "dc.type": "text",
    "dc.language": "eng",
    "dc.contributor.advisosr": "",
    "dc.contributor.author": "",
    "dc.identifier.uri": "",
    "dc.publisher.date": "",
    "dc.publisher.place": "",
    "dc.relation.referenences": "",
    "dc.relation.haspart[]": "",
    "dc.relation.ispartof": "",
    "dc.relation.ispartofseries": "",
    "dc.relation.requires[]": "PDFviewer Plugin",
    "dc.rights.accessrights": "Open",
    "dc.source.uri": "http://www.ncert.nic.in/",
    "dc.source": "NCERT",
    "dc.subject.prerequisitetopic[]": "",
    "dc.title.alternative": "",
    "lrmi.educationalAlignment.educationLevel": "XII",
    "lrmi.educationalAlignment.educationalFramework": "Central Board of Secondary Education (CBSE)",
    "lrmi.educationalRole[]": "student",
    "lrmi.educationalUse[]": "reading",
    "lrmi.interactivityType[]": "expositive",
    "lrmi.learningResourceType[]": "book",
    "lrmi.typicalAgeRange[]": "15-19"
}