{
    "dc.title": "BIOLOGY",
    "dc.description.abstract": "TEXTBOOK FOR CLASS XII",
    "dcterm.educationlevel": "XII",
    "dc.identifier.isbn": "817450639X",
    "dc.date.copyright": "2006",
    "dc.contributor.editor": "Uppal,Shveta||Chadha,Shashi",
    "dc.contributor.illustrator": "Maurya,Lalit||Rao,Shweta",
    "dc.date.created": "   Wed Feb 15 22:36:33 2017 DST",
    "dc.date.publication": {
        "dc.date.firstPublication": "DecemberPausa 1928",
        "dc.date.reprint": [
            "NovemberKartika 1929",
            "JanuaryPausa 1930",
            "DecemberPausa 1931",
            "JanuaryMagha 1932",
            "JanuaryMagha  1933",
            "NovemberKartika 1934",
            "NovemberKartika 1935",
            "DecemberPausa 1936",
            "JanuaryPausa 1937",
            "JanuaryPausa 1938"
        ]
    },
    "dc.format.extent": {
        "PageCount": "10",
        "size_in_Bytes": "437297 byt"
    },
    "dc.description.toc": {
        "Chapter 1:  : Reproduction in Organisms (Please see Supplementary Material on page no. )": "3",
        "Chapter 2:  : Sexual Reproduction in Flowering Plants ": "19",
        "Chapter 3:  : Human Reproduction ": "42",
        "Chapter 4: 4.1 Reproductive Health UNIT VII": "57",
        "4.2 GENETICS AND EVOLUTION -": "57",
        "Chapter 5:  : Principles of Inheritance and Variation      (Please see Supplementary Material on page nos. -)": "6 9",
        "Chapter 6:  : Molecular Basis of Inheritance ": "95",
        "Chapter 7: 7.1 Evolution  ": "1 2",
        "7.2      (Please see Supplementary Material on page no. )": "1 2",
        "7.3 UNIT VIII": "1 2",
        "7.4 BIOLOGY IN HUMAN WELFARE -": "1 2",
        "Chapter 8:  : Human Health and Disease ": "145",
        "Chapter 9:  : Strategies for Enhancement in Food Production": "165",
        "Chapter 10:  : Microbes in Human Welfare BIOTECHNOLOGY -": "179",
        "Chapter 11: : Biotechnology : Principles and Processes ": "193",
        "Chapter 12: 12.1 Biotechnology and its Applications UNIT X": "207",
        "12.2 ECOLOGY -": "207",
        "Chapter 13: :  Organisms and Populations (Please see Supplementary Material on page no. )": "219",
        "Chapter 14: :  Ecosystem ": "241",
        "Chapter 15: :  Biodiversity and Conservation  (Please see Supplementary Material on page no. )": "258",
        "Chapter 16: :  Environmental Issues SUPPLEMENTARY MATERIAL '": "270"
    },
    "dc.subject.ddc": {
        "level1": {
            "600": "Technology",
            "400": "Language"
        },
        "level2": {
            "630": "Agriculture",
            "660": "Chemical engineering"
        },
        "level3": {}
    },
    "dc.description.searchVisibility": "TRUE",
    "dc.format.mimetype": "application/pdf",
    "dc.type": "text",
    "dc.language": "eng",
    "dc.contributor.advisosr": "",
    "dc.contributor.author": "",
    "dc.identifier.uri": "",
    "dc.publisher.date": "",
    "dc.publisher.place": "",
    "dc.relation.referenences": "",
    "dc.relation.haspart[]": "",
    "dc.relation.ispartof": "",
    "dc.relation.ispartofseries": "",
    "dc.relation.requires[]": "PDFviewer Plugin",
    "dc.rights.accessrights": "Open",
    "dc.source.uri": "http://www.ncert.nic.in/",
    "dc.source": "NCERT",
    "dc.subject.prerequisitetopic[]": "",
    "dc.title.alternative": "",
    "lrmi.educationalAlignment.educationLevel": "XII",
    "lrmi.educationalAlignment.educationalFramework": "Central Board of Secondary Education (CBSE)",
    "lrmi.educationalRole[]": "student",
    "lrmi.educationalUse[]": "reading",
    "lrmi.interactivityType[]": "expositive",
    "lrmi.learningResourceType[]": "book",
    "lrmi.typicalAgeRange[]": "15-19"
}