{
    "dc.title": "Computers and Communication Technology Part I Class XI",
    "dc.description.abstract": "",
    "dcterm.educationlevel": "XI",
    "dc.identifier.isbn": "9788174508522",
    "dc.date.copyright": "2008",
    "dc.contributor.editor": "Uppal,Shveta||Sutar,Bijnan",
    "dc.contributor.illustrator": "Tyagi,Ashwani",
    "dc.date.created": "   Wed Jul 16 21:39:42 2014 DST",
    "dc.date.publication": {
        "dc.date.firstPublication": "SeptemberBhadra",
        "dc.date.reprint": ""
    },
    "dc.format.extent": {
        "PageCount": "12",
        "size_in_Bytes": "1988722 byt"
    },
    "dc.description.toc": {
        "Chapter 1: : Experiencing the World of CCT ": "3",
        "Chapter 2: 2.1 Components of CCT UNIT II": "15",
        "2.2 WORKPLACE PRODUCTIVITY TOOLS '": "15",
        "Chapter 3: : Word Processing Tool ": "71",
        "Chapter 4: : Electronic Spreadsheet ": "96",
        "Chapter 5: 5.1 Electronic Presentation Tool UNIT III": "123",
        "5.2 COMMUNICATION CONCEPTS AND SKILLS '": "123",
        "Chapter 6: : Convergence of CCT ": "144",
        "Chapter 7: : The Internet ": "163",
        "Chapter 8: 8.1 Soft Skills for Effective Communication GLOSSARY '": "185",
        "8.2 INDEX '": "185"
    },
    "dc.subject.ddc": {
        "level1": {
            "000": "Computer science, information &amp; general works"
        },
        "level2": {
            "020": "Library &amp; information sciences",
            "000": "Computer science, knowledge &amp; systems"
        },
        "level3": {
            "025": "Library operations",
            "020": "Library &amp; information sciences",
            "028": "Reading &amp; use of other information media",
            "022": "Administration of physical plant"
        }
    },
    "dc.description.searchVisibility": "TRUE",
    "dc.format.mimetype": "application/pdf",
    "dc.type": "text",
    "dc.language": "eng",
    "dc.contributor.advisosr": "",
    "dc.contributor.author": "",
    "dc.identifier.uri": "",
    "dc.publisher.date": "",
    "dc.publisher.place": "",
    "dc.relation.referenences": "",
    "dc.relation.haspart[]": "",
    "dc.relation.ispartof": "",
    "dc.relation.ispartofseries": "",
    "dc.relation.requires[]": "PDFviewer Plugin",
    "dc.rights.accessrights": "Open",
    "dc.source.uri": "http://www.ncert.nic.in/",
    "dc.source": "NCERT",
    "dc.subject.prerequisitetopic[]": "",
    "dc.title.alternative": "",
    "lrmi.educationalAlignment.educationLevel": "XI",
    "lrmi.educationalAlignment.educationalFramework": "Central Board of Secondary Education (CBSE)",
    "lrmi.educationalRole[]": "student",
    "lrmi.educationalUse[]": "reading",
    "lrmi.interactivityType[]": "expositive",
    "lrmi.learningResourceType[]": "book",
    "lrmi.typicalAgeRange[]": "14-18"
}