{
    "dc.title": "Indian Constitution at Work",
    "dc.description.abstract": "Textbook in Political Science for Class XI",
    "dcterm.educationlevel": "XI",
    "dc.identifier.isbn": "8174505504",
    "dc.date.copyright": "2006",
    "dc.contributor.editor": "Uppal,Shveta||Chadha,Shashi",
    "dc.contributor.illustrator": "Rao,Shweta",
    "dc.date.created": "   Fri Jan 27 18:14:31 2017 DST",
    "dc.date.publication": {
        "dc.date.firstPublication": "MarchChaitra 1928",
        "dc.date.reprint": [
            "FebruaryMagha 1928",
            "DecemberPausa 1929",
            "DecemberPausa 1930",
            "JanuaryMagha 1931",
            "NovemberKartika 1932",
            "NovemberKartika 1935",
            "DecemberPausa 1936",
            "DecemberAgrahayana 1937",
            "JanuaryPausa 1938"
        ]
    },
    "dc.format.extent": {
        "PageCount": "14",
        "size_in_Bytes": "3796155 byt"
    },
    "dc.description.toc": {
        "   1.: CONSTITUTION:WHY AND HOW? ": "1",
        "   2.: 2.1 RIGHTS IN THE INDIAN": "26",
        "2.2 CONSTITUTION": "26",
        "   3.: 3.1 ELECTION AND": "51",
        "3.2 REPRESENTATION": "51",
        "   4.: EXECUTIVE ": "78",
        "   5.: LEGISLATURE ": "100",
        "   6.: JUDICIARY ": "124",
        "   7.: FEDERALISM ": "150",
        "   8.: 8.1 LOCAL": "176",
        "8.2 GOVERNMENTS": "176",
        "   9.: 9.1 CONSTITUTION AS A": "196",
        "9.2 LIVING DOCUMENT": "196",
        " 10.: 10.1 THE PHILOSOPHY OF": "220",
        "10.2 THE CONSTITUTION": "220"
    },
    "dc.subject.ddc": {
        "level1": {
            "300": "Social sciences",
            "800": "Literature",
            "100": "Philosophy &amp; psychology"
        },
        "level2": {
            "320": "Political science",
            "390": "Customs, etiquette &amp; folklore",
            "340": "Law"
        },
        "level3": {}
    },
    "dc.description.searchVisibility": "TRUE",
    "dc.format.mimetype": "application/pdf",
    "dc.type": "text",
    "dc.language": "eng",
    "dc.contributor.advisosr": "",
    "dc.contributor.author": "",
    "dc.identifier.uri": "",
    "dc.publisher.date": "",
    "dc.publisher.place": "",
    "dc.relation.referenences": "",
    "dc.relation.haspart[]": "",
    "dc.relation.ispartof": "",
    "dc.relation.ispartofseries": "",
    "dc.relation.requires[]": "PDFviewer Plugin",
    "dc.rights.accessrights": "Open",
    "dc.source.uri": "http://www.ncert.nic.in/",
    "dc.source": "NCERT",
    "dc.subject.prerequisitetopic[]": "",
    "dc.title.alternative": "",
    "lrmi.educationalAlignment.educationLevel": "XI",
    "lrmi.educationalAlignment.educationalFramework": "Central Board of Secondary Education (CBSE)",
    "lrmi.educationalRole[]": "student",
    "lrmi.educationalUse[]": "reading",
    "lrmi.interactivityType[]": "expositive",
    "lrmi.learningResourceType[]": "book",
    "lrmi.typicalAgeRange[]": "14-18"
}