{
    "dc.title": "SOCIAL  SCIENCE \uf04f\uf055\uf052\uf020\uf050\uf041\uf053\uf054\uf053\uf020\uf096\uf020\uf049\uf049\uf049 \uf050\uf041\uf052\uf054\uf020\uf032",
    "dc.description.abstract": "Textbook in History for Class VIII",
    "dcterm.educationlevel": "VIII",
    "dc.identifier.isbn": "9788174508386",
    "dc.date.copyright": "2008",
    "dc.contributor.editor": "Uppal,Shveta",
    "dc.contributor.illustrator": "Creations,Art",
    "dc.date.created": "   Thu Feb 22 22:16:37 2018 DST",
    "dc.date.publication": {
        "dc.date.firstPublication": "JanuaryMagha  1929",
        "dc.date.reprint": [
            "JanuaryMagha  1930",
            "JanuaryMagha  1931",
            "NovemberKartika  1932",
            "JanuaryMagha  1933",
            "FebruaryMagha  1934",
            "JanuaryPausa  1935",
            "DecemberPausa  1936",
            "JanuaryPausa  1937",
            "DecemberPausa  1938",
            "JanuaryMagha  1939"
        ]
    },
    "dc.format.extent": {
        "PageCount": "9",
        "size_in_Bytes": "555002 byt"
    },
    "dc.description.toc": {},
    "dc.subject.ddc": {
        "level1": {},
        "level2": {
            "940": "History of Europe",
            "900": "History",
            "910": "Geography &amp; travel",
            "930": "History of ancient world (to\u00a0ca.\u00a0499)"
        },
        "level3": {
            "943": "Central Europe; Germany",
            "941": "British Isles",
            "940": "History of Europe"
        }
    },
    "dc.description.searchVisibility": "TRUE",
    "dc.format.mimetype": "application/pdf",
    "dc.type": "text",
    "dc.language": "eng",
    "dc.contributor.advisosr": "",
    "dc.contributor.author": "",
    "dc.identifier.uri": "",
    "dc.publisher.date": "",
    "dc.publisher.place": "",
    "dc.relation.referenences": "",
    "dc.relation.haspart[]": "",
    "dc.relation.ispartof": "",
    "dc.relation.ispartofseries": "",
    "dc.relation.requires[]": "PDFviewer Plugin",
    "dc.rights.accessrights": "Open",
    "dc.source.uri": "http://www.ncert.nic.in/",
    "dc.source": "NCERT",
    "dc.subject.prerequisitetopic[]": "",
    "dc.title.alternative": "",
    "lrmi.educationalAlignment.educationLevel": "VIII",
    "lrmi.educationalAlignment.educationalFramework": "Central Board of Secondary Education (CBSE)",
    "lrmi.educationalRole[]": "student",
    "lrmi.educationalUse[]": "reading",
    "lrmi.interactivityType[]": "expositive",
    "lrmi.learningResourceType[]": "book",
    "lrmi.typicalAgeRange[]": "11-15"
}