{
    "dc.title": "Towards   a New Age   Graphic Design",
    "dc.description.abstract": "Textbook in Graphic Design   for Class XII",
    "dcterm.educationlevel": "XII",
    "dc.identifier.isbn": "9789350071595",
    "dc.date.copyright": "2011",
    "dc.contributor.editor": "Uppal,Shveta||Sutar,Bijnan",
    "dc.contributor.illustrator": "Arora,Deepak||Joshi,Vijaybahu",
    "dc.date.created": "   Mon Jun  9 16:53:26 2014 DST",
    "dc.date.publication": {
        "dc.date.firstPublication": "AprilChaitra 1933",
        "dc.date.reprint": ""
    },
    "dc.format.extent": {
        "PageCount": "11",
        "size_in_Bytes": "4356292 byt"
    },
    "dc.description.toc": {
        "Chapter-1: role of Design in society": "2",
        " \nChapter-2: 2.1 graPhic Design Processes": "14",
        "2.2 UniT ' ii PrinciPles anD elements of Design  -": "14",
        "Chapter-3: sketching anD Drawing": "32",
        " \nChapter-4: colour": "44",
        "Chapter-5: funDamentals of Visual comPosition": "60",
        " \nChapter-6: tyPograPhy": "68",
        " \nChapter-7: 7.1 PrinciPles of layout Design ": "80",
        "7.2 UniT ' iii meDia anD Design  -": "80",
        "Chapter-8: Digital imaging anD Printing": "90",
        "Chapter-9: aDVertising Design": "96",
        "Chapter-10: camPaign Design": "108",
        "Chapter-11: integrateD methoDs of aDVertising": "122",
        "Chapter-12: ": "134"
    },
    "dc.subject.ddc": {
        "level1": {
            "700": "Arts &amp; recreation",
            "600": "Technology"
        },
        "level2": {
            "700": "Arts",
            "720": "Architecture"
        },
        "level3": {}
    },
    "dc.description.searchVisibility": "TRUE",
    "dc.format.mimetype": "application/pdf",
    "dc.type": "text",
    "dc.language": "eng",
    "dc.contributor.advisosr": "",
    "dc.contributor.author": "",
    "dc.identifier.uri": "",
    "dc.publisher.date": "",
    "dc.publisher.place": "",
    "dc.relation.referenences": "",
    "dc.relation.haspart[]": "",
    "dc.relation.ispartof": "",
    "dc.relation.ispartofseries": "",
    "dc.relation.requires[]": "PDFviewer Plugin",
    "dc.rights.accessrights": "Open",
    "dc.source.uri": "http://www.ncert.nic.in/",
    "dc.source": "NCERT",
    "dc.subject.prerequisitetopic[]": "",
    "dc.title.alternative": "",
    "lrmi.educationalAlignment.educationLevel": "XII",
    "lrmi.educationalAlignment.educationalFramework": "Central Board of Secondary Education (CBSE)",
    "lrmi.educationalRole[]": "student",
    "lrmi.educationalUse[]": "reading",
    "lrmi.interactivityType[]": "expositive",
    "lrmi.learningResourceType[]": "book",
    "lrmi.typicalAgeRange[]": "15-19"
}