{
    "dc.title": "Human Ecology and  Family Sciences",
    "dc.description.abstract": "",
    "dcterm.educationlevel": "",
    "dc.identifier.isbn": "9788174509888",
    "dc.date.copyright": "2009",
    "dc.contributor.editor": "Uppal,Shveta",
    "dc.contributor.illustrator": "Jabin,Seema||Rao,Shweta",
    "dc.date.created": "   Fri Apr  7 20:46:17 2017 DST",
    "dc.date.publication": {
        "dc.date.firstPublication": "AugustBhadra",
        "dc.date.reprint": "AprilChaitra 1939"
    },
    "dc.format.extent": {
        "PageCount": "16",
        "size_in_Bytes": "265633 byt"
    },
    "dc.description.toc": {
        "Unit III: .1 CHILDHOOD  Chapter   Survival, Growth and Development  ": "225",
        ".2 Chapter   Nutrition, Health and Well-being    ": "225",
        ".3 Chapter   Care and Education    ": "225",
        ".4 Chapter   Our Apparel   ": "225",
        "Unit IV: .1 ADULTHOOD  Chapter   Health and Wellness  ": "305",
        ".2 Chapter   Financial Management and Planning  ": "305",
        ".3 Chapter   Care and Maintenance of Fabrics    xv": "305",
        ".4 Chapter   Perspectives in Communication   ": "305",
        ".5 Chapter   Individual Responsibilities and Rights  ": "305",
        ".6   Crossword Puzzle  ": "305",
        ".7   References for Further Reading  ": "305"
    },
    "dc.subject.ddc": {
        "level1": {
            "300": "Social sciences",
            "800": "Literature",
            "700": "Arts &amp; recreation"
        },
        "level2": {
            "330": "Economics",
            "360": "Social problems &amp; social services",
            "340": "Law",
            "300": "Social sciences, sociology &amp; anthropology"
        },
        "level3": {
            "330": "Economics",
            "333": "Economics of land &amp; energy",
            "331": "Labor economics"
        }
    },
    "dc.description.searchVisibility": "TRUE",
    "dc.format.mimetype": "application/pdf",
    "dc.type": "text",
    "dc.language": "eng",
    "dc.contributor.advisosr": "",
    "dc.contributor.author": "",
    "dc.identifier.uri": "",
    "dc.publisher.date": "",
    "dc.publisher.place": "",
    "dc.relation.referenences": "",
    "dc.relation.haspart[]": "",
    "dc.relation.ispartof": "",
    "dc.relation.ispartofseries": "",
    "dc.relation.requires[]": "PDFviewer Plugin",
    "dc.rights.accessrights": "Open",
    "dc.source.uri": "http://www.ncert.nic.in/",
    "dc.source": "NCERT",
    "dc.subject.prerequisitetopic[]": "",
    "dc.title.alternative": "",
    "lrmi.educationalAlignment.educationLevel": "XIII",
    "lrmi.educationalAlignment.educationalFramework": "Central Board of Secondary Education (CBSE)",
    "lrmi.educationalRole[]": "student",
    "lrmi.educationalUse[]": "reading",
    "lrmi.interactivityType[]": "expositive",
    "lrmi.learningResourceType[]": "book",
    "lrmi.typicalAgeRange[]": ""
}