{
    "dc.title": "Social Science India and the Contempor ary W orld - I",
    "dc.description.abstract": "Textbook in History for Class IX",
    "dcterm.educationlevel": "IX",
    "dc.identifier.isbn": "8174505369",
    "dc.date.copyright": "2006",
    "dc.contributor.editor": "Uppal,Shveta",
    "dc.contributor.illustrator": "Prabha,Sashi||Shah,Parthiv||Varghese,K",
    "dc.date.created": "   Sat Dec  9 16:32:01 2017 DST",
    "dc.date.publication": {
        "dc.date.firstPublication": "MarchPhalguna 1927",
        "dc.date.reprint": [
            "FebruaryMagha 1928",
            "DecemberPausa 1929",
            "JanuaryMagha 1930",
            "JanuaryMagha 1931",
            "November",
            "JanuaryMagha 1933",
            "OctoberAsvina 1934",
            "NovemberKartika 1935",
            "DecemberPausa 1936",
            "FebruaryMagha 1937",
            "DecemberPausa 1938",
            "DecemberPausa 1939"
        ]
    },
    "dc.format.extent": {
        "PageCount": "12",
        "size_in_Bytes": "753473 byt"
    },
    "dc.description.toc": {
        "Section I: .1 Events and Processes I. The French Revolution ": "1-74",
        ".2 II. Socialism in Europe and the Russian Revolution ": "1-74",
        ".3 III. Nazism and the Rise of Hitler ": "1-74",
        "Section II: .1 Livelihoods, Economies and Societies IV. Forest Society and Colonialism ": "75-138",
        ".2 V. Pastoralists in the Modern World ": "75-138",
        ".3 VI. Peasants and Farmers ": "75-138",
        "Section III: .1 Everyday Life, Culture and Politics VII. History and Sport: The Story of  Cricket ": "139-178",
        ".2 VIII. Clothing: A Social History ": "139-178"
    },
    "dc.subject.ddc": {
        "level1": {
            "900": "History &amp; geography",
            "800": "Literature"
        },
        "level2": {
            "900": "History",
            "940": "History of Europe"
        },
        "level3": {}
    },
    "dc.description.searchVisibility": "TRUE",
    "dc.format.mimetype": "application/pdf",
    "dc.type": "text",
    "dc.language": "eng",
    "dc.contributor.advisosr": "",
    "dc.contributor.author": "",
    "dc.identifier.uri": "",
    "dc.publisher.date": "",
    "dc.publisher.place": "",
    "dc.relation.referenences": "",
    "dc.relation.haspart[]": "",
    "dc.relation.ispartof": "",
    "dc.relation.ispartofseries": "",
    "dc.relation.requires[]": "PDFviewer Plugin",
    "dc.rights.accessrights": "Open",
    "dc.source.uri": "http://www.ncert.nic.in/",
    "dc.source": "NCERT",
    "dc.subject.prerequisitetopic[]": "",
    "dc.title.alternative": "",
    "lrmi.educationalAlignment.educationLevel": "IX",
    "lrmi.educationalAlignment.educationalFramework": "Central Board of Secondary Education (CBSE)",
    "lrmi.educationalRole[]": "student",
    "lrmi.educationalUse[]": "reading",
    "lrmi.interactivityType[]": "expositive",
    "lrmi.learningResourceType[]": "book",
    "lrmi.typicalAgeRange[]": "12-16"
}