{
    "dc.title": "STATISTICS FOR ECONOMICS",
    "dc.description.abstract": "Textbook for Class XI",
    "dcterm.educationlevel": "XI",
    "dc.identifier.isbn": "8174504974",
    "dc.date.copyright": "2006",
    "dc.contributor.editor": "Uppal,Shveta||Bhagat,M.G.",
    "dc.contributor.illustrator": "Rao,Shweta||Verma,Sarita",
    "dc.date.created": "   Tue Dec 13 21:36:27 2016 DST",
    "dc.date.publication": {
        "dc.date.firstPublication": "FebruaryPhalguna 1927",
        "dc.date.reprint": [
            "DecemberPausa 1928",
            "DecemberPausa 1929",
            "JanuaryMagha 1930",
            "JanuaryMagha 1931",
            "JanuaryMagha 1932",
            "JanuaryMagha 1933",
            "DecemberAgrahayana 1934",
            "FebruaryMagha 1936",
            "AprilChaitra 1938",
            "DecemberPausa 1938"
        ]
    },
    "dc.format.extent": {
        "PageCount": "8",
        "size_in_Bytes": "209298 byt"
    },
    "dc.description.toc": {
        "Chapter 1: : Introduction ": "1",
        "Chapter 2: : Collection of Data ": "9",
        "Chapter 3: : Organisation of Data ": "22",
        "Chapter 4: : Presentation of Data ": "40",
        "Chapter 5: : Measures of Central Tendency ": "58",
        "Chapter 6: : Measures of Dispersion ": "74",
        "Chapter 7: : Correlation ": "91",
        "Chapter 8: : Index Numbers ": "107",
        "Chapter 9: 9.1 Use of Statistical Tools APPENDIX A : GLOSSARY OF STATISTICAL TERMS ": "121",
        "9.2 APPENDIX B : TABLE OF TWO-DIGIT RANDOM NUMBERS ": "121"
    },
    "dc.subject.ddc": {
        "level1": {
            "500": "Science",
            "300": "Social sciences",
            "000": "Computer science, information &amp; general works"
        },
        "level2": {
            "530": "Physics",
            "510": "Mathematics"
        },
        "level3": {
            "532": "Fluid mechanics; liquid mechanics",
            "530": "Physics",
            "535": "Light &amp; infrared &amp; ultraviolet phenomena"
        }
    },
    "dc.description.searchVisibility": "TRUE",
    "dc.format.mimetype": "application/pdf",
    "dc.type": "text",
    "dc.language": "eng",
    "dc.contributor.advisosr": "",
    "dc.contributor.author": "",
    "dc.identifier.uri": "",
    "dc.publisher.date": "",
    "dc.publisher.place": "",
    "dc.relation.referenences": "",
    "dc.relation.haspart[]": "",
    "dc.relation.ispartof": "",
    "dc.relation.ispartofseries": "",
    "dc.relation.requires[]": "PDFviewer Plugin",
    "dc.rights.accessrights": "Open",
    "dc.source.uri": "http://www.ncert.nic.in/",
    "dc.source": "NCERT",
    "dc.subject.prerequisitetopic[]": "",
    "dc.title.alternative": "",
    "lrmi.educationalAlignment.educationLevel": "XI",
    "lrmi.educationalAlignment.educationalFramework": "Central Board of Secondary Education (CBSE)",
    "lrmi.educationalRole[]": "student",
    "lrmi.educationalUse[]": "reading",
    "lrmi.interactivityType[]": "expositive",
    "lrmi.learningResourceType[]": "book",
    "lrmi.typicalAgeRange[]": "14-18"
}