{
    "dc.title": "SOCIAL SCIENCE OUR PASTS \u2013 III PART 2",
    "dc.description.abstract": "Textbook in History for Class VIII",
    "dcterm.educationlevel": "VIII",
    "dc.identifier.isbn": "9788174508386",
    "dc.date.copyright": "2008",
    "dc.contributor.editor": "Uppal,Shveta",
    "dc.contributor.illustrator": "Creations,Art",
    "dc.date.created": "   Thu Jan  5 17:19:00 2017 DST",
    "dc.date.publication": {
        "dc.date.firstPublication": "JanuaryMagha 1929",
        "dc.date.reprint": [
            "JanuaryMagha 1930",
            "JanuaryMagha 1931",
            "NovemberKartika 1932",
            "JanuaryMagha 1933",
            "FebruaryMagha 1934",
            "JanuaryPausa 1935",
            "DecemberPausa 1936",
            "JanuaryPausa 1937",
            "DecemberPausa 1938"
        ]
    },
    "dc.format.extent": {
        "PageCount": "9",
        "size_in_Bytes": "4482591 byt"
    },
    "dc.description.toc": {
        "7.: Weavers, Iron Smelters and Factory Owners ": "79",
        "8.: Civilising the \"Native\", Educating the Nation ": "95",
        "9.: Women, Caste and Reform ": "108",
        "10.: The Changing World of Visual Arts ": "123",
        "11.: The Making of the National Movement: s-- ": "1870",
        "12.: India After Independence vii": "160"
    },
    "dc.subject.ddc": {
        "level1": {
            "900": "History &amp; geography",
            "800": "Literature"
        },
        "level2": {
            "900": "History",
            "940": "History of Europe"
        },
        "level3": {}
    },
    "dc.description.searchVisibility": "TRUE",
    "dc.format.mimetype": "application/pdf",
    "dc.type": "text",
    "dc.language": "eng",
    "dc.contributor.advisosr": "",
    "dc.contributor.author": "",
    "dc.identifier.uri": "",
    "dc.publisher.date": "",
    "dc.publisher.place": "",
    "dc.relation.referenences": "",
    "dc.relation.haspart[]": "",
    "dc.relation.ispartof": "",
    "dc.relation.ispartofseries": "",
    "dc.relation.requires[]": "PDFviewer Plugin",
    "dc.rights.accessrights": "Open",
    "dc.source.uri": "http://www.ncert.nic.in/",
    "dc.source": "NCERT",
    "dc.subject.prerequisitetopic[]": "",
    "dc.title.alternative": "",
    "lrmi.educationalAlignment.educationLevel": "VIII",
    "lrmi.educationalAlignment.educationalFramework": "Central Board of Secondary Education (CBSE)",
    "lrmi.educationalRole[]": "student",
    "lrmi.educationalUse[]": "reading",
    "lrmi.interactivityType[]": "expositive",
    "lrmi.learningResourceType[]": "book",
    "lrmi.typicalAgeRange[]": "11-15"
}