{
    "dc.title": "KALEIDOSCOPE",
    "dc.description.abstract": "Textbook in English (Elective) for Class XII",
    "dcterm.educationlevel": "XII",
    "dc.identifier.isbn": "8174506632",
    "dc.date.copyright": "2007",
    "dc.contributor.editor": "Uppal,Shveta||Bhagat,M.G.",
    "dc.contributor.illustrator": "Gill,Joel||Wadhwa,Nidhi",
    "dc.date.created": "   Sat Jul 11 11:36:10 2015 DST",
    "dc.date.publication": {
        "dc.date.firstPublication": "FebruaryMagha 1928",
        "dc.date.reprint": [
            "NovemberKartika 1929",
            "May",
            "JanuaryMagha 1931"
        ]
    },
    "dc.format.extent": {
        "PageCount": "10",
        "size_in_Bytes": "200435 byt"
    },
    "dc.description.toc": {
        "1.: I Sell my Dreams GABRIEL GARCIA MARQUEZ ": "2",
        "2.: Eveline JAMES JOYCE ": "12",
        "3.: A Wedding in Brownsville ISAAC BASHEVIS SINGER ": "21",
        "4.: Tomorrow JOSEPH CONRAD ": "39",
        "5.: One Centimetre BI SHU-MIN POETRY ' INTRODUCTION -": "71",
        "1.: A Lecture Upon the Shadow JOHN DONNE ": "91",
        "2.: Poems by Milton JOHN MILTON ": "94",
        "3.: Poems by Blake WILLIAM BLAKE ": "97",
        "4.: Kubla Khan S.T.COLERIDGE ": "103",
        "5.: Trees EMILY DICKINSON ": "107",
        "6.: The Wild Swans of Coole W.B.YEATS ": "109",
        "7.: Time and Time Again A.K.RAMANUJAN ": "111",
        "8.: Blood KAMALA DAS ": "113"
    },
    "dc.subject.ddc": {
        "level1": {
            "800": "Literature"
        },
        "level2": {
            "820": "English &amp; Old English literatures",
            "810": "American literature in English",
            "830": "German &amp; related literatures"
        },
        "level3": {}
    },
    "dc.description.searchVisibility": "TRUE",
    "dc.format.mimetype": "application/pdf",
    "dc.type": "text",
    "dc.language": "eng",
    "dc.contributor.advisosr": "",
    "dc.contributor.author": "",
    "dc.identifier.uri": "",
    "dc.publisher.date": "",
    "dc.publisher.place": "",
    "dc.relation.referenences": "",
    "dc.relation.haspart[]": "",
    "dc.relation.ispartof": "",
    "dc.relation.ispartofseries": "",
    "dc.relation.requires[]": "PDFviewer Plugin",
    "dc.rights.accessrights": "Open",
    "dc.source.uri": "http://www.ncert.nic.in/",
    "dc.source": "NCERT",
    "dc.subject.prerequisitetopic[]": "",
    "dc.title.alternative": "",
    "lrmi.educationalAlignment.educationLevel": "XII",
    "lrmi.educationalAlignment.educationalFramework": "Central Board of Secondary Education (CBSE)",
    "lrmi.educationalRole[]": "student",
    "lrmi.educationalUse[]": "reading",
    "lrmi.interactivityType[]": "expositive",
    "lrmi.learningResourceType[]": "book",
    "lrmi.typicalAgeRange[]": "15-19"
}