{
    "dc.title": "INDIA PHYSICAL ENVIRONMENT",
    "dc.description.abstract": "TEXTBOOK IN GEOGRAPHY FOR CLASS XI",
    "dcterm.educationlevel": "XI",
    "dc.identifier.isbn": "8174505385",
    "dc.date.copyright": "2006",
    "dc.contributor.editor": "Uppal,Shveta||Bhardwaj,R.N.",
    "dc.contributor.illustrator": "Kumar,Dilip||Rao,Shweta",
    "dc.date.created": "   Mon Mar  6 20:34:35 2017 DST",
    "dc.date.publication": {
        "dc.date.firstPublication": "MarchPhalguna 1927",
        "dc.date.reprint": [
            "NovemberKartika 1928",
            "DecemberPausa 1929",
            "DecemberPausa 1930",
            "JanuaryPausa 1931",
            "JanuaryMagha 1932",
            "JanuaryMagha 1934",
            "JanuaryPausa 1935",
            "DecemberPausa 1936",
            "FebruaryMagha 1937",
            "FebruaryPhalguna 1938"
        ]
    },
    "dc.format.extent": {
        "PageCount": "8",
        "size_in_Bytes": "168888 byt"
    },
    "dc.description.toc": {
        "1.: India \u2014 Location UNIT II : PHYSIOGRAPHY -": "2",
        "2.: Structure and Physiography ": "8",
        "3.: Drainage System UNIT III : CLIMATE, VEGETATION AND SOIL -": "21",
        "4.: Climate ": "33",
        "5.: Natural Vegetation ": "57",
        "6.: 6.1 Soils UNIT IV : NATURAL HAZARDS AND DISASTERS: CAUSES, -": "68",
        "6.2      CONSEQUENCES AND MANAGEMENT": "68",
        "7.: 7.1 Natural Hazards and Disasters APPENDICES -": "77",
        "7.2 I. STATES, THEIR CAPITALS, NUMBER OF DISTRICTS, AREA AND POPULATION ": "77",
        "7.3 II. UNION TERRITORIES, THEIR CAPITALS, AREA AND POPULATION ": "77",
        "7.4 III. IMPORTANT RIVER BASINS ": "77",
        "7.5 IV. STATE/UNION TERRITORY WISE FOREST COVER ": "77",
        "7.6 V. NATIONAL PARKS OF INDIA ": "77",
        "7.7 GLOSSARY -": "77"
    },
    "dc.subject.ddc": {
        "level1": {
            "900": "History &amp; geography"
        },
        "level2": {
            "910": "Geography &amp; travel"
        },
        "level3": {}
    },
    "dc.description.searchVisibility": "TRUE",
    "dc.format.mimetype": "application/pdf",
    "dc.type": "text",
    "dc.language": "eng",
    "dc.contributor.advisosr": "",
    "dc.contributor.author": "",
    "dc.identifier.uri": "",
    "dc.publisher.date": "",
    "dc.publisher.place": "",
    "dc.relation.referenences": "",
    "dc.relation.haspart[]": "",
    "dc.relation.ispartof": "",
    "dc.relation.ispartofseries": "",
    "dc.relation.requires[]": "PDFviewer Plugin",
    "dc.rights.accessrights": "Open",
    "dc.source.uri": "http://www.ncert.nic.in/",
    "dc.source": "NCERT",
    "dc.subject.prerequisitetopic[]": "",
    "dc.title.alternative": "",
    "lrmi.educationalAlignment.educationLevel": "XI",
    "lrmi.educationalAlignment.educationalFramework": "Central Board of Secondary Education (CBSE)",
    "lrmi.educationalRole[]": "student",
    "lrmi.educationalUse[]": "reading",
    "lrmi.interactivityType[]": "expositive",
    "lrmi.learningResourceType[]": "book",
    "lrmi.typicalAgeRange[]": "14-18"
}