{
    "dc.title": "Craft Traditions of India Past, Present and Future",
    "dc.description.abstract": "Textbook in Heritage Crafts for Class XII",
    "dcterm.educationlevel": "XII",
    "dc.identifier.isbn": "9789350071397",
    "dc.date.copyright": "2011",
    "dc.contributor.editor": "Uppal,Shveta||Vijayam,Vijayam",
    "dc.contributor.illustrator": "Kanvinde,Sunita||Singh,Jaswinder||Support,Digital",
    "dc.date.created": "   Fri Jun  6 22:16:40 2014 DST",
    "dc.date.publication": {
        "dc.date.firstPublication": "FebruaryMagha 1932",
        "dc.date.reprint": ""
    },
    "dc.format.extent": {
        "PageCount": "11",
        "size_in_Bytes": "40026345 byt"
    },
    "dc.description.toc": {
        "Chapter 8: provides another case study for students to enable them tolearn how to analyse market potentials. The tourism industry is describedas an example of a new market and how to find creative solutions toenhance the lives of crafts communities and constantly improve thequality of crafts is discussed.": "",
        "Chapter 9: 9.1 is the final chapter and returns to the original idea that crafts require specialised skills, tools and marketing opportunities. To constantly improve the quality of crafts and ensure fine craftsmanship in the twenty-first century, focus is directed towards design, research and development to meet contemporary challenges.": "",
        "9.2 The contents of this book may be made more interesting by using local examples and assigning students such projects and tasks that will enrich the experience of this subject.": ""
    },
    "dc.subject.ddc": {
        "level1": {
            "700": "Arts &amp; recreation",
            "900": "History &amp; geography"
        },
        "level2": {
            "700": "Arts",
            "780": "Music"
        },
        "level3": {}
    },
    "dc.description.searchVisibility": "TRUE",
    "dc.format.mimetype": "application/pdf",
    "dc.type": "text",
    "dc.language": "eng",
    "dc.contributor.advisosr": "",
    "dc.contributor.author": "",
    "dc.identifier.uri": "",
    "dc.publisher.date": "",
    "dc.publisher.place": "",
    "dc.relation.referenences": "",
    "dc.relation.haspart[]": "",
    "dc.relation.ispartof": "",
    "dc.relation.ispartofseries": "",
    "dc.relation.requires[]": "PDFviewer Plugin",
    "dc.rights.accessrights": "Open",
    "dc.source.uri": "http://www.ncert.nic.in/",
    "dc.source": "NCERT",
    "dc.subject.prerequisitetopic[]": "",
    "dc.title.alternative": "",
    "lrmi.educationalAlignment.educationLevel": "XII",
    "lrmi.educationalAlignment.educationalFramework": "Central Board of Secondary Education (CBSE)",
    "lrmi.educationalRole[]": "student",
    "lrmi.educationalUse[]": "reading",
    "lrmi.interactivityType[]": "expositive",
    "lrmi.learningResourceType[]": "book",
    "lrmi.typicalAgeRange[]": "15-19"
}